sample,price,won
in_sample,0.999,True
in_sample,0.99,True
in_sample,0.9499999064,True
in_sample,0.992,True
in_sample,0.9699999961,True
in_sample,0.93,True
in_sample,0.99,True
in_sample,0.999,True
in_sample,0.9541518387,True
in_sample,0.9799267076,True
in_sample,0.92,True
in_sample,0.99,True
in_sample,0.9099999991,True
in_sample,0.95,True
in_sample,0.96,True
in_sample,0.98,True
in_sample,0.93,True
in_sample,0.99,True
in_sample,0.99,True
in_sample,0.96,True
in_sample,0.9299997768,True
in_sample,0.9199999936,True
in_sample,0.99,True
in_sample,0.92,True
in_sample,0.99,True
in_sample,0.9399999981,True
in_sample,0.95,True
in_sample,0.98,True
in_sample,0.91,True
in_sample,0.99,True
in_sample,0.95,True
in_sample,0.99,True
in_sample,0.95,True
in_sample,0.99,True
in_sample,0.96,True
in_sample,0.95,True
in_sample,0.94,True
in_sample,0.99,True
in_sample,0.99,True
in_sample,0.94,True
in_sample,0.98,True
in_sample,0.9599998796,True
in_sample,0.98,True
in_sample,0.9099995859,True
in_sample,0.99,True
in_sample,0.99,True
in_sample,0.91,False
in_sample,0.96,True
in_sample,0.98,True
in_sample,0.99,True
in_sample,0.97,True
in_sample,0.98,True
in_sample,0.95,True
in_sample,0.99,True
in_sample,0.95,True
in_sample,0.95,True
in_sample,0.95,True
in_sample,0.99,True
in_sample,0.96,True
in_sample,0.99,True
in_sample,0.9499999747,True
in_sample,0.92,True
in_sample,0.99,True
in_sample,0.9699999992,True
in_sample,0.9599996544,True
in_sample,0.99,True
in_sample,0.9099999992,True
in_sample,0.99,True
in_sample,0.99,True
in_sample,0.9699999975,True
in_sample,0.99,True
in_sample,0.95,True
in_sample,0.99,True
in_sample,0.99,True
in_sample,0.99,True
in_sample,0.96,True
in_sample,0.98,True
in_sample,0.99,True
in_sample,0.94,True
in_sample,0.99,True
in_sample,0.97,True
in_sample,0.96,True
in_sample,0.9299994668,True
in_sample,0.9299999993,False
in_sample,0.97,True
in_sample,0.94,True
in_sample,0.9146629307,True
in_sample,0.99,True
in_sample,0.999,True
in_sample,0.95,True
in_sample,0.999,True
in_sample,0.96,True
in_sample,0.98,True
in_sample,0.92,True
in_sample,0.97,True
in_sample,0.96,True
in_sample,0.9299999577,True
in_sample,0.95,True
in_sample,0.99,True
in_sample,0.9699999987,True
in_sample,0.9299999907,True
in_sample,0.98,False
in_sample,0.99,True
in_sample,0.98,True
in_sample,0.99,True
in_sample,0.9699991164,True
in_sample,0.98,True
in_sample,0.92,True
in_sample,0.99,True
in_sample,0.96,True
in_sample,0.98,True
in_sample,0.999,True
in_sample,0.9399999624,True
in_sample,0.99,True
in_sample,0.99,True
in_sample,0.99,True
in_sample,0.95,True
in_sample,0.987852492,True
in_sample,0.9299999993,True
in_sample,0.99,True
in_sample,0.97,True
in_sample,0.99,True
in_sample,0.999,True
in_sample,0.99,True
in_sample,0.94,True
in_sample,0.99,True
in_sample,0.99,True
in_sample,0.99,True
in_sample,0.99,True
in_sample,0.95,True
in_sample,0.9498907594,True
in_sample,0.9399999962,True
in_sample,0.9399999662,False
in_sample,0.99,True
in_sample,0.98,True
in_sample,0.98,True
in_sample,0.9646044167,True
in_sample,0.999,True
in_sample,0.99,True
in_sample,0.97,True
in_sample,0.9699999951,True
in_sample,0.992,True
in_sample,0.9699999861,True
in_sample,0.93,True
in_sample,0.97,True
in_sample,0.99,True
in_sample,0.98,True
in_sample,0.96,True
in_sample,0.9399999624,True
in_sample,0.96,True
in_sample,0.97,True
in_sample,0.969999986,True
in_sample,0.98,True
in_sample,0.99,True
in_sample,0.97,True
in_sample,0.99,True
in_sample,0.91,True
in_sample,0.9869129345,True
in_sample,0.999,True
in_sample,0.999,True
in_sample,0.99,True
in_sample,0.99,True
in_sample,0.93,True
in_sample,0.98,True
in_sample,0.99,True
in_sample,0.939999981,True
in_sample,0.99,True
in_sample,0.99,True
in_sample,0.98,True
in_sample,0.99,True
in_sample,0.98,True
in_sample,0.98,True
in_sample,0.93,True
in_sample,0.9699999981,True
in_sample,0.9799999569,True
in_sample,0.98,True
in_sample,0.99,True
in_sample,0.98,True
in_sample,0.92,True
in_sample,0.99,True
in_sample,0.998870229,True
in_sample,0.93,True
in_sample,0.99,True
in_sample,0.99,True
in_sample,0.93,True
in_sample,0.99,True
in_sample,0.99,True
in_sample,0.9299999994,True
in_sample,0.99,True
in_sample,0.999,True
in_sample,0.93,True
in_sample,0.98,True
in_sample,0.99,True
in_sample,0.9641415851,True
in_sample,0.94,True
in_sample,0.9599999632,True
in_sample,0.97,True
in_sample,0.99,True
in_sample,0.9699999961,True
in_sample,0.98,True
in_sample,0.999,True
in_sample,0.92,True
in_sample,0.99,True
in_sample,0.99,True
in_sample,0.98,True
in_sample,0.93,True
in_sample,0.99,True
in_sample,0.99,True
in_sample,0.9499998219,True
in_sample,0.97,True
in_sample,0.94,True
in_sample,0.97,True
in_sample,0.95,True
in_sample,0.999,True
in_sample,0.9399999624,True
in_sample,0.9699999981,True
in_sample,0.99,True
in_sample,0.99,True
in_sample,0.9299999907,True
in_sample,0.97,True
in_sample,0.99,True
in_sample,0.9396872787,True
in_sample,0.99,True
in_sample,0.9399999472,True
in_sample,0.98,True
in_sample,0.99,True
in_sample,0.98,True
in_sample,0.98,True
in_sample,0.96,True
in_sample,0.97,True
in_sample,0.99,True
in_sample,0.9399999981,True
in_sample,0.93,True
in_sample,0.9399999624,True
in_sample,0.99,True
in_sample,0.98,True
in_sample,0.98,True
in_sample,0.99,True
in_sample,0.99,True
in_sample,0.9699991164,True
in_sample,0.96,True
in_sample,0.9699999861,True
in_sample,0.96,True
in_sample,0.94,True
in_sample,0.9838653094,True
in_sample,0.9399997744,True
in_sample,0.9699999951,True
in_sample,0.96,True
in_sample,0.9699999992,True
in_sample,0.92,True
in_sample,0.93,True
in_sample,0.99,True
in_sample,0.95,True
in_sample,0.98,True
in_sample,0.99,True
in_sample,0.95,True
in_sample,0.99,True
in_sample,0.97,True
in_sample,0.99,True
in_sample,0.948,True
in_sample,0.96,True
in_sample,0.97,True
in_sample,0.999,True
in_sample,0.93,True
in_sample,0.99,True
in_sample,0.99,True
in_sample,0.98,True
in_sample,0.92,True
in_sample,0.98,True
in_sample,0.98,True
in_sample,0.96,True
in_sample,0.992,True
in_sample,0.94,True
in_sample,0.97,True
in_sample,0.96,True
in_sample,0.9499997361,True
in_sample,0.91,True
in_sample,0.9399999991,True
in_sample,0.99,True
in_sample,0.91,True
in_sample,0.99,True
in_sample,0.99,True
in_sample,0.9499999971,True
in_sample,0.99,True
in_sample,0.9499995725,True
in_sample,0.97,True
oos,0.99,True
oos,0.9799991572,True
oos,0.93,True
oos,0.99,True
oos,0.96,True
oos,0.99,True
oos,0.99,True
oos,0.9733,True
oos,0.99,True
oos,0.949999525,True
oos,0.99,True
oos,0.99,True
oos,0.9699999871,True
oos,0.99,True
oos,0.99,True
oos,0.98,True
oos,0.97,True
oos,0.99,True
oos,0.9299999907,True
oos,0.92,True
oos,0.98,True
oos,0.99,True
oos,0.97,True
oos,0.96,True
oos,0.95,True
oos,0.96,True
oos,0.99,True
oos,0.9699999861,True
oos,0.92,True
oos,0.96,True
oos,0.9599998041,True
oos,0.99,True
oos,0.939999996,True
oos,0.9399999996,True
oos,0.9199999717,True
oos,0.99,True
oos,0.9199999816,True
oos,0.9699999981,True
oos,0.94,True
oos,0.99,True
oos,0.95,True
oos,0.9554076726,True
oos,0.98,True
oos,0.96,True
oos,0.99,True
oos,0.99,True
oos,0.9699999981,True
oos,0.998,True
oos,0.9699997866,True
oos,0.96,True
oos,0.9399999624,True
oos,0.971105,True
oos,0.98,True
oos,0.9699999951,True
oos,0.97,True
oos,0.9258337472,True
oos,0.99,True
oos,0.95,True
oos,0.97,True
oos,0.99,True
oos,0.99,True
oos,0.92,True
oos,0.9144983754,True
oos,0.98,True
oos,0.99,True
oos,0.96,True
oos,0.99,True
oos,0.98,True
oos,0.94,True
oos,0.94,True
oos,0.99,True
oos,0.91,True
oos,0.999,True
oos,0.99,True
oos,0.97,True
oos,0.999,True
oos,0.96,True
oos,0.91,True
oos,0.98,True
oos,0.99,True
oos,0.99,True
oos,0.999,True
oos,0.99,True
oos,0.96,True
oos,0.93,True
oos,0.95,True
oos,0.99,True
oos,0.99,True
oos,0.999,True
oos,0.99,True
oos,0.9699999904,True
oos,0.95,True
oos,0.9599998575,True
oos,0.99,True
oos,0.95,True
oos,0.95,True
oos,0.9799991572,True
oos,0.99,True
oos,0.99,True
oos,0.9399999811,True
oos,0.98,True
oos,0.99,True
oos,0.94,True
oos,0.95,True
oos,0.99,True
oos,0.9699999992,True
oos,0.97,True
oos,0.95,True
oos,0.93,True
oos,0.98,True
oos,0.96,True
oos,0.9787002844,True
oos,0.94,True
oos,0.93,False
oos,0.92,True
oos,0.95,True
oos,0.97,True
oos,0.99,True
oos,0.99,True
oos,0.9399999981,True
oos,0.99,True
oos,0.99,True
oos,0.96,True
oos,0.96,True
oos,0.929999833,True
oos,0.949999525,True
oos,0.95,True
oos,0.99,True
oos,0.998,True
oos,0.9699999879,True
oos,0.99,True
oos,0.9099999921,True
oos,0.99,True
oos,0.9335660493,True
oos,0.9699999992,True
oos,0.98,True
oos,0.9293799406,True
oos,0.96,True
oos,0.9099998835,True
oos,0.99,True
oos,0.96,True
oos,0.96,True
oos,0.99,True
oos,0.95,True
oos,0.9167300347,True
oos,0.9299999997,True
oos,0.96,True
oos,0.99,True
oos,0.98,True
oos,0.9299999907,True
oos,0.96,True
oos,0.94,True
oos,0.99,True
oos,0.99,True
oos,0.9399997744,True
oos,0.99,True
oos,0.99,True
oos,0.93,True
oos,0.99,True
oos,0.9699999992,True
oos,0.9099999974,True
oos,0.95,True
oos,0.95,True
oos,0.9399999987,True
oos,0.99,True
oos,0.9899999932,True
oos,0.99,True
oos,0.99,True
oos,0.93,True
oos,0.99,True
oos,0.99,True
oos,0.99,True
oos,0.96,True
oos,0.99,True
oos,0.99,True
oos,0.9399999705,True
oos,0.97,True
oos,0.99,True
oos,0.99,True
oos,0.9699992582,True
oos,0.96,True
oos,0.9454401059,True
oos,0.91,True
oos,0.9099999993,True
oos,0.99,True
oos,0.96,True
oos,0.9299998159,True
oos,0.97,True
oos,0.94,True
oos,0.97,True
oos,0.98,True
oos,0.98,True
oos,0.99,True
oos,0.949999525,True
oos,0.98,True
oos,0.919999994,True
oos,0.97,True
oos,0.93,True
oos,0.98,True
oos,0.92,True
oos,0.9099999993,True
oos,0.98,True
oos,0.99,True
oos,0.99,True
oos,0.9099999934,True
oos,0.98,True
oos,0.9399999624,True
oos,0.98,True
oos,0.93,False
oos,0.91,True
oos,0.98,True
oos,0.92,True
oos,0.98,True
oos,0.99,True
oos,0.99,True
oos,0.99,True
oos,0.99,True
oos,0.97,True
oos,0.99,True
oos,0.99,True
oos,0.99,True
oos,0.92,True
oos,0.99,True
oos,0.92,True
oos,0.99,True
oos,0.99,True
oos,0.99,True
oos,0.99,True
oos,0.94919,True
oos,0.96,True
oos,0.92,True
oos,0.99,True
oos,0.99,True
oos,0.97,True
oos,0.9299999117,True
oos,0.9899999991,True
oos,0.98,True
oos,0.96,True
oos,0.9699999951,True
oos,0.9299997117,True
oos,0.95,True
oos,0.98,True
oos,0.9399999624,True
oos,0.9989999517,True
oos,0.91,True
oos,0.949999901,True
oos,0.93,True
oos,0.92,True
oos,0.9199999963,True
oos,0.9699999993,True
oos,0.98,True
oos,0.92,True
oos,0.97,True
oos,0.9979999673,True
oos,0.99,True
oos,0.95,True
oos,0.9699999961,True
oos,0.99,True
oos,0.99,True
oos,0.95,True
oos,0.9699999904,True
oos,0.95,True
oos,0.95,True
oos,0.9233333333,True
oos,0.95,True
oos,0.94,True
oos,0.9699999995,True
oos,0.96,True
oos,0.95,True
oos,0.9599996544,True
oos,0.99,True
oos,0.9499999658,True
oos,0.92,True
oos,0.91,True
oos,0.91,True
oos,0.97,True
oos,0.9813756413,True
oos,0.94,True
oos,0.99,True
oos,0.91,True
oos,0.95,True
oos,0.9,True
oos,0.99,True
oos,0.97,True
oos,0.95,True
oos,0.99,True
oos,0.93,True
oos,0.99,True
oos,0.9299999888,True
oos,0.99,True
oos,0.99,True
oos,0.97,True
oos,0.99,True
oos,0.93,True
oos,0.97,True
oos,0.9523412715,True
oos,0.9199999043,True
oos,0.9699999952,True
