sample,window_end,side,price,won,trend_12,trend_24,trend_36
in_sample,1788006900,Down,0.992,True,Down,,Down
in_sample,1787822700,Up,0.999,True,Up,Up,Up
in_sample,1788585300,Up,0.999,True,Down,Up,Up
in_sample,1788028200,Down,0.9541518387,True,,Up,Up
in_sample,1788576900,Down,0.9099999991,True,Up,Up,Up
in_sample,1788582900,Down,0.92,True,Up,Up,Up
in_sample,1788302400,Up,0.93,True,,Down,Down
in_sample,1787889600,Down,0.9499999064,True,,Down,
in_sample,1788329100,Up,0.9099995859,True,Up,Up,Up
in_sample,1788488400,Down,0.96,True,Down,Down,Down
in_sample,1787777100,Up,0.99,True,,Down,Down
in_sample,1788578700,Up,0.95,True,Up,,Up
in_sample,1787698200,Up,0.99,True,,Down,Down
in_sample,1787903700,Down,0.96,True,Down,,Up
in_sample,1788510300,Up,0.9299997768,True,Down,Down,Down
in_sample,1788296700,Down,0.93,True,,Up,Up
in_sample,1788480300,Down,0.99,True,,Down,Down
in_sample,1788499200,Up,0.99,True,,Up,Up
in_sample,1787789700,Down,0.98,True,Up,Up,Up
in_sample,1788026400,Up,0.99,True,Down,Up,Up
in_sample,1788366000,Up,0.9799267076,True,Up,,
in_sample,1787957700,Down,0.9199999936,True,Up,Up,Up
in_sample,1788298800,Up,0.92,True,Down,Down,
in_sample,1788061500,Up,0.95,True,Up,Up,
in_sample,1788198000,Up,0.98,True,,Down,
in_sample,1788444900,Up,0.95,True,Up,Up,Up
in_sample,1788006600,Up,0.99,True,Down,Down,Down
in_sample,1787635800,Up,0.99,True,Up,,Down
in_sample,1787541000,Down,0.99,True,Up,Down,Down
in_sample,1788544800,Up,0.9699999961,True,Down,Down,Up
in_sample,1788554100,Down,0.91,True,,Up,Up
in_sample,1787853000,Down,0.9399999981,True,Down,Down,Down
in_sample,1787888100,Down,0.94,True,Up,Down,Up
in_sample,1787849100,Up,0.99,True,,,Up
in_sample,1788369900,Up,0.95,True,Down,,Down
in_sample,1788396600,Up,0.95,True,,,Down
in_sample,1788029100,Down,0.99,True,Up,Up,Up
in_sample,1787640300,Down,0.96,True,,Up,
in_sample,1788369600,Down,0.98,True,Down,Up,Down
in_sample,1788498900,Down,0.98,True,Up,Up,Up
in_sample,1788391500,Up,0.94,True,Up,,
in_sample,1788292500,Down,0.99,True,Up,,Down
in_sample,1787751000,Down,0.99,True,Down,Down,
in_sample,1788123600,Down,0.99,True,,Down,Down
in_sample,1787569200,Up,0.99,True,Up,Up,Up
in_sample,1787476200,Up,0.9599998796,True,Up,Up,Up
in_sample,1788487200,Up,0.91,False,,Down,Down
in_sample,1788273600,Up,0.99,True,Up,Down,Down
in_sample,1787905800,Down,0.95,True,,Up,Up
in_sample,1788149400,Up,0.97,True,,Down,Down
in_sample,1787514300,Up,0.96,True,,Down,
in_sample,1788277800,Up,0.98,True,Up,Up,Down
in_sample,1788599400,Down,0.95,True,,Up,
in_sample,1788268800,Down,0.98,True,Down,Down,Down
in_sample,1787756700,Down,0.95,True,Down,Down,Down
in_sample,1788492300,Up,0.9499999747,True,,Down,Down
in_sample,1787995800,Down,0.95,True,Up,Up,Up
in_sample,1788074100,Up,0.9099999992,True,Up,Up,Down
in_sample,1787715000,Down,0.99,True,Down,Down,
in_sample,1788470100,Up,0.99,True,Down,Up,Up
in_sample,1788147600,Up,0.99,True,Down,Down,Down
in_sample,1787433300,Down,0.96,True,Down,Down,Down
in_sample,1788526800,Down,0.9699999975,True,Down,,
in_sample,1788353100,Up,0.9699999992,True,Up,Up,Up
in_sample,1788126900,Up,0.99,True,,,Down
in_sample,1787873400,Down,0.98,True,,Up,
in_sample,1787637300,Down,0.99,True,Up,Up,Down
in_sample,1787684100,Down,0.99,True,Up,Up,Up
in_sample,1787803800,Down,0.99,True,,Down,Down
in_sample,1787531700,Up,0.95,True,Down,Down,Down
in_sample,1787664900,Up,0.99,True,Down,Down,Down
in_sample,1787495700,Down,0.9599996544,True,Down,Up,
in_sample,1788015300,Down,0.96,True,Up,Up,Up
in_sample,1788602400,Down,0.99,True,,Down,
in_sample,1788436800,Up,0.99,True,Up,Up,Down
in_sample,1787560800,Up,0.96,True,Down,Down,Down
in_sample,1788210900,Down,0.9146629307,True,Down,Down,
in_sample,1788066900,Down,0.96,True,Down,Down,Down
in_sample,1788215400,Down,0.92,True,Down,Down,Down
in_sample,1787537700,Up,0.99,True,Down,Down,Down
in_sample,1788631500,Down,0.94,True,Down,Up,Up
in_sample,1787924100,Up,0.99,True,Down,Down,Up
in_sample,1787772300,Down,0.999,True,Down,,Up
in_sample,1787936400,Up,0.9299999993,False,Down,Down,Down
in_sample,1788308100,Down,0.97,True,Up,,Up
in_sample,1788471300,Up,0.99,True,,,Up
in_sample,1788497400,Up,0.9299994668,True,Up,Up,Up
in_sample,1787670600,Up,0.9699999987,True,Up,Up,
in_sample,1788400500,Up,0.99,True,,,Up
in_sample,1787768400,Down,0.94,True,Up,Up,Up
in_sample,1787451000,Down,0.95,True,,Up,Up
in_sample,1788356100,Down,0.999,True,Down,Up,Up
in_sample,1787523900,Up,0.97,True,Down,Up,Up
in_sample,1787814900,Up,0.92,True,Up,Up,Up
in_sample,1788119100,Down,0.9699991164,True,Down,Down,Down
in_sample,1787787600,Up,0.95,True,Up,,Up
in_sample,1788130800,Up,0.98,False,,,
in_sample,1788328800,Down,0.99,True,Up,Up,Up
in_sample,1788359700,Down,0.999,True,,Down,Up
in_sample,1788401400,Down,0.96,True,Down,Down,
in_sample,1787714400,Down,0.99,True,Down,,Up
in_sample,1788410700,Down,0.98,True,,Down,Down
in_sample,1787831100,Up,0.98,True,Up,Down,
in_sample,1788297900,Up,0.99,True,Down,Down,
in_sample,1787912700,Down,0.9299999907,True,Down,Down,Down
in_sample,1787777700,Up,0.92,True,Down,Down,Down
in_sample,1787853600,Down,0.9299999577,True,Down,Down,Down
in_sample,1787771400,Down,0.97,True,Down,Up,Up
in_sample,1788077700,Down,0.98,True,Down,,Down
in_sample,1787993100,Up,0.96,True,Up,Up,Up
in_sample,1788615000,Down,0.9399999624,True,,,Down
in_sample,1787832600,Down,0.97,True,,,Up
in_sample,1788021300,Up,0.99,True,,Up,Up
in_sample,1787836800,Down,0.9299999993,True,,,
in_sample,1787437200,Down,0.98,True,Down,Down,Down
in_sample,1788253800,Up,0.98,True,Down,Down,Down
in_sample,1788243000,Down,0.99,True,Up,Up,Up
in_sample,1788175500,Down,0.987852492,True,Up,Down,Up
in_sample,1788309600,Down,0.99,True,,Up,Up
in_sample,1787762700,Down,0.99,True,,Down,Down
in_sample,1787549700,Down,0.999,True,Down,Down,Down
in_sample,1787655600,Down,0.95,True,Up,Up,Up
in_sample,1788148800,Down,0.99,True,Up,Down,Down
in_sample,1787595000,Down,0.99,True,Down,Down,Down
in_sample,1788585600,Up,0.9399999662,False,,Up,Up
in_sample,1787861100,Down,0.9399999962,True,Down,Down,Down
in_sample,1787458800,Down,0.99,True,Down,Down,Down
in_sample,1788627600,Up,0.99,True,Up,Up,Up
in_sample,1787681400,Down,0.94,True,Up,Up,Up
in_sample,1788289200,Up,0.99,True,Down,Down,Down
in_sample,1787599200,Down,0.99,True,Down,Down,Down
in_sample,1788357000,Down,0.95,True,Down,Up,Up
in_sample,1787781300,Up,0.99,True,,Down,Down
in_sample,1787700600,Up,0.99,True,Down,,Down
in_sample,1788287400,Down,0.99,True,Down,Down,Down
in_sample,1787559900,Down,0.999,True,Down,Down,Down
in_sample,1787796600,Up,0.9699999951,True,Up,,Up
in_sample,1788073500,Down,0.9498907594,True,Up,Up,
in_sample,1787634900,Down,0.98,True,Up,Down,Down
in_sample,1788241800,Up,0.99,True,Up,Up,Up
in_sample,1788331200,Up,0.9646044167,True,,Up,Up
in_sample,1787950200,Up,0.96,True,Up,Up,Down
in_sample,1788026700,Up,0.992,True,,Up,Up
in_sample,1788376200,Up,0.9699999861,True,,Up,Up
in_sample,1788353400,Down,0.93,True,Up,Up,Up
in_sample,1787733900,Up,0.98,True,Down,,Down
in_sample,1787999100,Down,0.97,True,Down,Up,Up
in_sample,1787423700,Up,0.97,True,,,
in_sample,1788297600,Down,0.99,True,Down,Down,
in_sample,1787943300,Up,0.999,True,Down,Down,Down
in_sample,1788036000,Up,0.969999986,True,Down,Down,Down
in_sample,1787881200,Down,0.99,True,Up,Up,Up
in_sample,1788173100,Up,0.98,True,Down,Down,Down
in_sample,1787736300,Down,0.9399999624,True,Down,Down,Down
in_sample,1787747100,Up,0.99,True,Down,Up,Up
in_sample,1787882400,Down,0.97,True,Up,Up,Up
in_sample,1788485100,Down,0.99,True,Down,Down,Down
in_sample,1788603900,Up,0.939999981,True,Down,Down,Down
in_sample,1787531100,Down,0.99,True,,Down,Down
in_sample,1788351000,Up,0.96,True,Up,,Down
in_sample,1788388500,Up,0.9869129345,True,Down,Down,Down
in_sample,1788543300,Down,0.97,True,Down,,Up
in_sample,1787827500,Up,0.99,True,Down,Down,Up
in_sample,1787619000,Up,0.999,True,Down,Up,Up
in_sample,1788508200,Down,0.93,True,,Down,Down
in_sample,1787576100,Up,0.91,True,Up,Up,Up
in_sample,1787896800,Down,0.99,True,Up,Down,Down
in_sample,1788127200,Up,0.98,True,,,Down
in_sample,1787987100,Up,0.99,True,,Down,
in_sample,1787963100,Up,0.98,True,,Up,Up
in_sample,1788155400,Up,0.93,True,Up,Up,Up
in_sample,1788624300,Up,0.98,True,,Up,
in_sample,1788151500,Up,0.98,True,Down,Down,Down
in_sample,1788336900,Down,0.998870229,True,Down,Down,
in_sample,1787493300,Down,0.92,True,,,
in_sample,1787827200,Down,0.99,True,Down,Down,Up
in_sample,1788397200,Up,0.9699999981,True,Down,Up,Down
in_sample,1787896200,Up,0.9599999632,True,Up,,Down
in_sample,1788016800,Down,0.98,True,Up,Up,Up
in_sample,1788560400,Up,0.99,True,,Down,Up
in_sample,1787560200,Down,0.99,True,Down,Down,Down
in_sample,1787829000,Down,0.93,True,,Up,Up
in_sample,1788355800,Up,0.99,True,Down,Up,Up
in_sample,1787530500,Down,0.98,True,Up,,
in_sample,1787778900,Up,0.99,True,,,Down
in_sample,1787763000,Up,0.99,True,Down,Down,Down
in_sample,1788043800,Up,0.9641415851,True,Up,Up,Down
in_sample,1788028500,Up,0.9799999569,True,,Up,Up
in_sample,1788067200,Down,0.9299999994,True,Down,Down,Down
in_sample,1787472000,Down,0.999,True,Down,Down,Down
in_sample,1787705700,Up,0.99,True,Up,Up,Up
in_sample,1787935200,Up,0.99,True,Down,Down,Down
in_sample,1787704200,Down,0.93,True,Up,Up,Up
in_sample,1788216000,Down,0.92,True,Down,Down,Down
in_sample,1788550200,Up,0.94,True,Up,Up,Up
in_sample,1788084900,Down,0.98,True,,Down,Down
in_sample,1788394800,Down,0.98,True,,Up,
in_sample,1788420000,Down,0.999,True,Up,Up,Up
in_sample,1787494200,Down,0.999,True,,Up,Up
in_sample,1787996700,Down,0.9699999961,True,Up,Up,Up
in_sample,1788351600,Up,0.99,True,Up,Up,
in_sample,1787952000,Down,0.93,True,Up,Up,Up
in_sample,1787458200,Down,0.99,True,Down,Down,Down
in_sample,1788514200,Up,0.93,True,Up,Up,Up
in_sample,1787932500,Down,0.99,True,Down,Down,Down
in_sample,1787549100,Up,0.97,True,,Down,Down
in_sample,1787741100,Up,0.97,True,Up,Up,Down
in_sample,1787702700,Up,0.98,True,,,
in_sample,1787754600,Down,0.99,True,Up,,Down
in_sample,1787960700,Up,0.95,True,,Up,Up
in_sample,1787999700,Up,0.9699999981,True,Down,,Up
in_sample,1787679900,Up,0.99,True,Up,Up,Up
in_sample,1788546900,Up,0.99,True,Down,Down,Down
in_sample,1787433600,Up,0.99,True,Down,Down,Down
in_sample,1787988600,Up,0.99,True,Up,Down,Down
in_sample,1787542500,Down,0.9299999907,True,Down,Down,Down
in_sample,1788504000,Up,0.97,True,Down,Down,Down
in_sample,1787428800,Down,0.9396872787,True,Up,Up,
in_sample,1787471700,Up,0.99,True,Down,Down,Down
in_sample,1787755500,Down,0.9399999472,True,Down,Down,Down
in_sample,1788141900,Down,0.99,True,Down,,Down
in_sample,1788570000,Down,0.98,True,Up,,
in_sample,1788110100,Down,0.9399999981,True,Up,Up,Up
in_sample,1788399000,Down,0.9399999624,True,Up,Up,Up
in_sample,1787776500,Down,0.94,True,Down,Down,Down
in_sample,1787912400,Down,0.97,True,Down,Down,Down
in_sample,1788128400,Down,0.99,True,,Down,Down
in_sample,1787594400,Up,0.9499998219,True,Down,Down,Down
in_sample,1787900100,Up,0.96,True,Up,Up,Up
in_sample,1788617400,Up,0.9699999861,True,Down,Down,Down
in_sample,1788253500,Down,0.99,True,Down,Down,Down
in_sample,1788510900,Up,0.93,True,,Up,Down
in_sample,1787602500,Down,0.98,True,,Down,Down
in_sample,1788233100,Down,0.97,True,Up,Down,Down
in_sample,1788478500,Down,0.99,True,,Down,Down
in_sample,1787441700,Down,0.98,True,,Down,Down
in_sample,1787637000,Up,0.98,True,Up,,Down
in_sample,1787551800,Up,0.9699991164,True,Up,,Down
in_sample,1787648400,Up,0.93,True,Up,,Down
in_sample,1787759400,Up,0.92,True,Down,Down,Down
in_sample,1787463600,Down,0.9399999624,True,Down,Down,Down
in_sample,1788106800,Down,0.96,True,Up,Up,Up
in_sample,1787552700,Up,0.99,True,Up,Up,Down
in_sample,1788528000,Up,0.94,True,Down,Down,Down
in_sample,1788631200,Down,0.96,True,,Up,Up
in_sample,1787501700,Up,0.96,True,Down,Down,Down
in_sample,1788403500,Up,0.9838653094,True,,Up,Up
in_sample,1788353700,Down,0.96,True,Up,Up,Up
in_sample,1787802000,Down,0.9399997744,True,Down,Down,Down
in_sample,1787991300,Up,0.92,True,Up,Up,Down
in_sample,1787753100,Up,0.95,True,Down,Down,Down
in_sample,1787909400,Down,0.99,True,Down,Down,Down
in_sample,1788012300,Down,0.97,True,Up,Up,Up
in_sample,1787667600,Down,0.98,True,Up,Down,Down
in_sample,1787985300,Up,0.99,True,Down,Down,Down
in_sample,1788093600,Down,0.9699999992,True,Up,Up,Up
in_sample,1788172800,Up,0.95,True,Down,Down,Down
in_sample,1788531000,Down,0.9699999951,True,Up,Down,
in_sample,1787441400,Down,0.98,True,,Down,Down
in_sample,1787715300,Down,0.99,True,Down,Down,
in_sample,1787485200,Up,0.948,True,,Up,Up
in_sample,1787838900,Up,0.999,True,,,Up
in_sample,1787544900,Down,0.99,True,Down,Down,Down
in_sample,1788029700,Down,0.93,True,Up,Up,Up
in_sample,1787999400,Down,0.96,True,Down,Up,Up
in_sample,1787972700,Up,0.992,True,,,
in_sample,1788064500,Down,0.99,True,Down,Down,Up
in_sample,1787746500,Down,0.98,True,Down,Up,Up
in_sample,1788238200,Up,0.99,True,,Up,Down
in_sample,1788288300,Down,0.97,True,Down,Down,Down
in_sample,1788332700,Up,0.98,True,,Up,Up
in_sample,1788447600,Up,0.96,True,Up,Up,Up
in_sample,1787816700,Up,0.9499997361,True,Down,Up,Up
in_sample,1788624900,Down,0.94,True,Up,Up,Up
in_sample,1787887200,Up,0.9499999971,True,Down,Down,Up
in_sample,1787694600,Up,0.91,True,Down,Down,Down
in_sample,1788522000,Up,0.98,True,Up,,Up
in_sample,1788141300,Down,0.97,True,Down,Up,
in_sample,1788572100,Up,0.91,True,Up,Down,
in_sample,1788310800,Up,0.97,True,Down,Down,Down
in_sample,1788017400,Down,0.99,True,Up,Up,Up
in_sample,1787578200,Up,0.9399999991,True,Up,Up,Up
in_sample,1788555000,Up,0.99,True,Down,Up,Up
in_sample,1787886900,Up,0.99,True,Down,Down,Up
in_sample,1788270600,Up,0.99,True,Down,Down,Down
in_sample,1788048000,Down,0.9499995725,True,Up,Up,Up
oos,1786569300,Up,0.9799991572,True,Up,Up,Up
oos,1786681800,Up,0.93,True,Down,Down,Down
oos,1787369400,Up,0.99,True,Up,Up,Up
oos,1786614900,Up,0.99,True,,Down,Down
oos,1787157900,Down,0.99,True,,Up,Up
oos,1787272800,Down,0.99,True,,Up,Up
oos,1787094600,Down,0.9299999907,True,,Up,Down
oos,1786520700,Down,0.96,True,,Down,Up
oos,1786521900,Up,0.9699999871,True,,,
oos,1786820400,Up,0.9733,True,Up,Up,Up
oos,1787337300,Down,0.96,True,Down,,Down
oos,1787088900,Down,0.97,True,,Down,Down
oos,1787375400,Down,0.99,True,,,Up
oos,1787377800,Up,0.99,True,Down,Down,Down
oos,1787106000,Down,0.99,True,Down,Down,Down
oos,1786361400,Up,0.99,True,Down,Down,Down
oos,1787121300,Down,0.9599998041,True,Down,Down,Down
oos,1787302800,Up,0.99,True,Up,Up,Up
oos,1786749900,Up,0.98,True,Up,,Down
oos,1786818600,Down,0.95,True,Up,Up,Up
oos,1787371200,Down,0.99,True,Up,Up,Up
oos,1786490400,Down,0.97,True,Down,Down,Up
oos,1786799100,Up,0.98,True,Down,Down,Up
oos,1786581900,Down,0.92,True,Up,Up,Up
oos,1786798800,Up,0.99,True,Down,Down,
oos,1787280900,Down,0.96,True,Down,Down,Down
oos,1786515600,Up,0.949999525,True,Down,,Up
oos,1787291700,Up,0.99,True,Down,,Down
oos,1786645200,Up,0.9699999861,True,Down,,
oos,1786853700,Up,0.92,True,Up,Up,Up
oos,1786695900,Down,0.99,True,Down,Down,Down
oos,1787091000,Down,0.96,True,Up,Down,Down
oos,1786432500,Down,0.9399999996,True,Down,Down,Down
oos,1786428000,Down,0.9199999816,True,Down,Down,Down
oos,1787237400,Down,0.939999996,True,,,Down
oos,1786268400,Up,0.95,True,,Up,Up
oos,1786990200,Down,0.9199999717,True,Up,Up,Up
oos,1786333200,Up,0.9699999981,True,,,
oos,1786680300,Up,0.99,True,Down,Down,Down
oos,1787346600,Down,0.94,True,Up,Up,Down
oos,1787161800,Up,0.99,True,Down,Down,Up
oos,1787184000,Up,0.99,True,Up,Down,Up
oos,1787162100,Up,0.9554076726,True,Down,Down,Up
oos,1786543200,Down,0.971105,True,Down,,Up
oos,1786548900,Down,0.9699999981,True,Down,Down,Down
oos,1787084700,Down,0.9699997866,True,Down,Down,Down
oos,1786821300,Up,0.99,True,Up,Up,Up
oos,1787065500,Up,0.96,True,Down,Down,Down
oos,1786641300,Up,0.96,True,,Up,
oos,1786941600,Up,0.9699999951,True,,Down,Down
oos,1786306500,Down,0.998,True,Down,Down,Down
oos,1786698000,Up,0.9399999624,True,Down,Down,Down
oos,1786429500,Down,0.97,True,Down,Down,Down
oos,1787189100,Down,0.98,True,Down,Up,Up
oos,1787070000,Down,0.98,True,,,Down
oos,1787279700,Down,0.99,True,Down,Down,Down
oos,1786507200,Up,0.99,True,,Down,
oos,1786915800,Down,0.95,True,,Down,
oos,1787391900,Up,0.96,True,Down,Down,Down
oos,1787145300,Up,0.99,True,Up,,Up
oos,1787291400,Down,0.9258337472,True,,Up,Down
oos,1786788000,Down,0.92,True,Up,Down,Down
oos,1786866300,Down,0.98,True,Down,Down,Up
oos,1787061000,Up,0.99,True,Down,Down,Down
oos,1786807500,Down,0.98,True,,,
oos,1786287900,Down,0.99,True,Up,Up,Up
oos,1786939800,Up,0.9144983754,True,,Up,Down
oos,1787284800,Down,0.97,True,Down,Down,Down
oos,1787319300,Down,0.99,True,,Down,Down
oos,1786665600,Up,0.999,True,Down,Down,Down
oos,1786225500,Up,0.94,True,Down,Down,Down
oos,1786728600,Down,0.97,True,Up,Up,Up
oos,1787007600,Up,0.99,True,Down,Down,Down
oos,1787262600,Up,0.94,True,Down,Down,
oos,1786919100,Down,0.96,True,Down,Down,Down
oos,1786323900,Up,0.9599998575,True,,,Up
oos,1787100300,Down,0.999,True,Down,,Up
oos,1786560600,Down,0.91,True,,,
oos,1787003100,Up,0.99,True,,Down,Down
oos,1786457100,Down,0.93,True,Down,,Up
oos,1787424000,Down,0.91,True,Up,Up,Up
oos,1787263800,Up,0.99,True,Down,Down,Up
oos,1786716300,Up,0.99,True,Down,Down,Down
oos,1786476300,Up,0.98,True,Down,,Down
oos,1786329900,Up,0.99,True,Up,Up,Up
oos,1786859100,Down,0.99,True,Up,Up,Up
oos,1787106300,Up,0.96,True,Down,Down,Down
oos,1786353000,Up,0.999,True,Down,Down,Up
oos,1786316100,Up,0.95,True,,Up,Up
oos,1787229300,Down,0.99,True,,Down,Down
oos,1787394900,Down,0.95,True,Down,Down,Down
oos,1786923000,Down,0.99,True,Up,Down,Down
oos,1786911300,Up,0.99,True,Up,Up,
oos,1786564500,Up,0.98,True,,Down,
oos,1787193000,Down,0.95,True,,Down,Up
oos,1786579800,Up,0.99,True,Up,Up,Up
oos,1786462800,Down,0.999,True,Down,Down,Down
oos,1786607100,Down,0.95,True,Down,Down,Down
oos,1786243200,Down,0.95,True,,,Up
oos,1786645800,Down,0.99,True,Down,Down,
oos,1787289900,Down,0.9699999904,True,Up,Up,
oos,1786785300,Up,0.9799991572,True,Down,Down,Down
oos,1786869900,Down,0.93,True,Up,Up,Up
oos,1786623300,Up,0.94,True,Down,Up,Up
oos,1786929600,Down,0.95,True,,Up,Up
oos,1786704900,Down,0.97,True,Down,Down,Down
oos,1787253600,Up,0.9699999992,True,Up,Up,Up
oos,1786506600,Down,0.96,True,Up,,Up
oos,1787203200,Up,0.99,True,,Up,Down
oos,1786941000,Down,0.95,True,,,
oos,1786229400,Down,0.94,True,Down,Down,Down
oos,1787121000,Down,0.98,True,Down,Down,Down
oos,1787148300,Up,0.99,True,Up,Up,Up
oos,1786563600,Up,0.93,False,Down,Down,Down
oos,1786813500,Up,0.9787002844,True,,Down,Down
oos,1787090100,Down,0.96,True,Up,Down,Down
oos,1786569900,Down,0.99,True,,Up,Up
oos,1787046000,Down,0.92,True,Down,Down,Down
oos,1787193900,Down,0.9399999981,True,Down,Down,
oos,1786629000,Up,0.99,True,Up,Up,Up
oos,1786391400,Down,0.9335660493,True,Up,Up,Up
oos,1787250600,Down,0.9399999811,True,Up,Up,Up
oos,1787102400,Down,0.99,True,Down,Down,Down
oos,1786554900,Up,0.97,True,Up,Up,
oos,1786624800,Up,0.98,True,Up,Up,Up
oos,1787407500,Down,0.929999833,True,Up,Up,Up
oos,1787151900,Up,0.9699999879,True,Up,Up,Up
oos,1786473600,Down,0.96,True,Down,Down,Down
oos,1786492800,Down,0.9099999921,True,,,
oos,1786341900,Up,0.99,True,Up,Up,Up
oos,1786653300,Up,0.96,True,,Up,Up
oos,1786387200,Down,0.9699999992,True,Down,Down,Down
oos,1787420100,Up,0.99,True,Down,Up,Up
oos,1786427100,Down,0.949999525,True,Down,Down,Down
oos,1786447800,Down,0.95,True,Up,,Up
oos,1786251000,Down,0.9293799406,True,Down,Down,Down
oos,1786967700,Down,0.998,True,Up,Up,Up
oos,1787079600,Down,0.95,True,Up,,Down
oos,1787081400,Up,0.99,True,Down,Down,Down
oos,1787034000,Up,0.99,True,,,Up
oos,1787035200,Up,0.99,True,Up,Up,Up
oos,1786865700,Down,0.96,True,Down,,
oos,1786742400,Down,0.9699999992,True,Down,Down,Down
oos,1787149200,Up,0.9099998835,True,Up,Up,Up
oos,1787168700,Up,0.99,True,Down,Up,Down
oos,1786960800,Down,0.96,True,,Down,Down
oos,1786526100,Up,0.9167300347,True,Up,,Up
oos,1786352100,Up,0.96,True,Down,Down,Up
oos,1786573500,Up,0.99,True,Up,Up,Up
oos,1786818900,Up,0.95,True,,Up,
oos,1787123400,Down,0.98,True,Down,Down,Down
oos,1787378100,Down,0.99,True,Down,Down,
oos,1786674600,Down,0.9299999907,True,,Down,Down
oos,1786791300,Down,0.9299999997,True,Up,Up,Up
oos,1786588800,Up,0.94,True,Down,Down,
oos,1786673400,Up,0.99,True,Down,,Down
oos,1786527900,Down,0.9399997744,True,Up,Up,Up
oos,1786828200,Down,0.93,True,,Up,Up
oos,1786755300,Down,0.9399999987,True,Down,Up,Up
oos,1787145600,Up,0.95,True,Up,Up,Up
oos,1786919400,Down,0.99,True,Down,Down,Down
oos,1787277600,Down,0.99,True,Up,Up,Up
oos,1787143200,Up,0.99,True,Down,Down,Down
oos,1786215900,Down,0.96,True,,,
oos,1787396400,Down,0.99,True,Down,Down,Down
oos,1786735500,Up,0.9899999932,True,Down,Down,Up
oos,1786539300,Up,0.99,True,Up,Up,Up
oos,1786965300,Up,0.9099999974,True,Up,Up,
oos,1786323300,Up,0.99,True,,Up,Up
oos,1786411200,Down,0.99,True,Up,Up,Up
oos,1786368300,Down,0.99,True,Down,Down,Down
oos,1786689000,Down,0.99,True,Up,Down,Down
oos,1787181000,Up,0.97,True,Down,,
oos,1786727400,Down,0.96,True,Up,Up,Up
oos,1786619700,Up,0.94,True,Up,Up,
oos,1787335800,Down,0.9399999705,True,,Up,
oos,1787089800,Up,0.93,True,,Down,Down
oos,1787416800,Up,0.99,True,Up,Up,Up
oos,1786688400,Down,0.99,True,Up,Down,Down
oos,1787189700,Up,0.99,True,Down,,Up
oos,1786820700,Up,0.9699992582,True,Up,Up,Up
oos,1786877100,Down,0.9454401059,True,Up,Up,Up
oos,1787300700,Down,0.97,True,Up,Up,Up
oos,1786779300,Down,0.96,True,Down,,
oos,1786809000,Down,0.9099999993,True,Up,Up,Up
oos,1786947600,Up,0.9299998159,True,Up,Up,Up
oos,1786250400,Down,0.91,True,Up,Down,Down
oos,1786619400,Down,0.98,True,Up,Up,
oos,1787352900,Up,0.99,True,Down,,Up
oos,1786788900,Up,0.919999994,True,Up,,Down
oos,1786352400,Up,0.93,True,Down,Down,Up
oos,1786496400,Up,0.97,True,Up,Up,Up
oos,1786285500,Down,0.96,True,Up,Up,Up
oos,1787008200,Up,0.99,True,Down,Down,
oos,1786836000,Down,0.9399999624,True,Up,,Up
oos,1787129100,Down,0.98,True,Down,,Down
oos,1786943700,Up,0.98,True,Down,Down,Down
oos,1787187300,Down,0.99,True,Up,Up,
oos,1786571100,Up,0.97,True,Down,Up,
oos,1786859400,Down,0.98,True,Up,Up,Up
oos,1786555200,Up,0.93,False,Up,Up,
oos,1786322700,Down,0.949999525,True,Up,Up,Up
oos,1786533300,Up,0.92,True,Down,Up,Up
oos,1786497900,Down,0.9099999934,True,Up,Up,Up
oos,1786264200,Down,0.98,True,,Up,Up
oos,1786286400,Down,0.98,True,Up,Up,Up
oos,1786752900,Down,0.91,True,,Up,
oos,1786386600,Down,0.99,True,,Down,Down
oos,1786744200,Up,0.99,True,Down,Down,Down
oos,1786546800,Down,0.99,True,Down,Down,Down
oos,1787342700,Up,0.92,True,,Down,Down
oos,1786334700,Up,0.97,True,,Down,
oos,1787306700,Down,0.9099999993,True,,Up,Up
oos,1787212500,Up,0.99,True,Down,Up,
oos,1786494900,Up,0.98,True,,Down,
oos,1787148000,Up,0.98,True,Up,Up,Up
oos,1786621200,Up,0.99,True,Up,Up,Up
oos,1786341300,Up,0.98,True,Up,Down,Down
oos,1786704600,Down,0.99,True,Down,Down,Down
oos,1786934100,Up,0.99,True,Up,Up,Up
oos,1786394700,Up,0.99,True,Up,Up,Up
oos,1786791900,Down,0.99,True,Up,Up,Up
oos,1786547700,Up,0.94919,True,Down,Down,Down
oos,1787014200,Down,0.92,True,Up,Up,Up
oos,1786221000,Up,0.9299999117,True,Up,,
oos,1787191500,Up,0.99,True,Up,Up,Up
oos,1786472100,Up,0.99,True,Up,Down,Down
oos,1786692300,Up,0.92,True,,Up,Down
oos,1786724700,Up,0.97,True,Up,Up,Up
oos,1786263900,Down,0.99,True,,Up,Up
oos,1786902300,Down,0.9899999991,True,Down,Down,Up
oos,1787362500,Up,0.99,True,,,Up
oos,1786568700,Down,0.99,True,Up,Up,Up
oos,1786233900,Up,0.9299997117,True,,Down,Down
oos,1787339400,Up,0.9399999624,True,Down,Down,Down
oos,1787045700,Up,0.96,True,Down,Down,Down
oos,1787025300,Up,0.98,True,Down,Down,Down
oos,1787296500,Up,0.99,True,Up,Up,Up
oos,1786429200,Down,0.94,True,Down,Down,Down
oos,1787114400,Down,0.95,True,Down,Down,Down
oos,1786780800,Down,0.95,True,Down,Down,Down
oos,1787143800,Up,0.92,True,Up,,Up
oos,1786920600,Up,0.92,True,Down,Down,Down
oos,1786509900,Up,0.91,True,Down,,
oos,1786225800,Down,0.96,True,Down,Down,Down
oos,1787303400,Down,0.98,True,Up,Up,Up
oos,1786783500,Down,0.9699999993,True,Down,Down,Down
oos,1786344900,Up,0.9699999951,True,Up,Up,Up
oos,1786459800,Down,0.94,True,Down,Down,
oos,1787409900,Down,0.95,True,,Up,Up
oos,1786344000,Up,0.98,True,Up,Up,Up
oos,1786899000,Down,0.93,True,Up,Up,Up
oos,1786594200,Down,0.9699999961,True,,,
oos,1787271000,Up,0.9989999517,True,Up,Up,
oos,1786551600,Up,0.99,True,Up,Down,Down
oos,1786255800,Up,0.949999901,True,Up,Up,
oos,1786885800,Up,0.9979999673,True,Up,Up,Up
oos,1786440600,Down,0.9199999963,True,Up,Up,Down
oos,1787423700,Up,0.97,True,Up,,Up
oos,1786821900,Up,0.99,True,Up,Up,Up
oos,1787323500,Up,0.97,True,,,Down
oos,1786277400,Up,0.9233333333,True,,Up,Up
oos,1786293900,Up,0.92,True,Down,Down,Down
oos,1786804500,Down,0.9499999658,True,Up,Up,Down
oos,1787080500,Down,0.95,True,,Down,Down
oos,1786233600,Up,0.9699999995,True,Down,Down,Down
oos,1786777500,Down,0.9699999904,True,Up,Up,Up
oos,1786507500,Up,0.96,True,Up,,
oos,1787145900,Up,0.95,True,Up,Up,Up
oos,1786791600,Up,0.9,True,Up,Up,Up
oos,1786538700,Up,0.95,True,Up,Up,Up
oos,1787320500,Down,0.99,True,Up,,Down
oos,1786337100,Down,0.95,True,Down,Down,Down
oos,1786701600,Down,0.91,True,Down,Down,Down
oos,1786933500,Up,0.99,True,,,Up
oos,1786545300,Down,0.95,True,,Down,
oos,1787196000,Up,0.99,True,Down,Down,Down
oos,1786965000,Down,0.9599996544,True,Up,Up,
oos,1786840200,Up,0.92,True,Down,Down,Down
oos,1786631100,Down,0.91,True,Up,Up,Up
oos,1786764900,Down,0.95,True,,Up,Up
oos,1786486800,Down,0.91,True,Up,Up,Up
oos,1787240100,Up,0.99,True,,,
oos,1786608900,Down,0.97,True,Down,Down,Down
oos,1786679100,Up,0.99,True,Down,Down,Down
oos,1787030400,Up,0.9813756413,True,,Up,Down
oos,1786856700,Up,0.97,True,Up,Up,Up
oos,1787096400,Up,0.9299999888,True,Up,Up,Up
oos,1787417400,Up,0.99,True,Up,Up,Up
oos,1786370400,Up,0.97,True,Down,Down,Down
oos,1787314500,Up,0.93,True,Down,Down,Down
oos,1786809600,Down,0.9523412715,True,Down,Down,Up
oos,1787124900,Up,0.9199999043,True,,Down,Down
oos,1786679400,Down,0.99,True,,Down,Down
oos,1787062200,Down,0.99,True,,Down,Down
oos,1787347500,Up,0.99,True,Down,Up,
oos,1787364600,Up,0.93,True,Up,Up,Up
oos,1787103000,Down,0.9699999952,True,Down,Down,Down
