window,side,won,entry_price,entry_rel_close,hour_utc,weekday,min60,min120,range60,n_prints_60,vol_60,conviction_s,secs_to_flip
1788690300,Up,True,0.9399999958,-50.0,10,6,0.5798182741,0.09999999999999998,0.3701817259,366,7246.595964,9.0,
1788686100,Up,True,0.9,-165.0,9,6,0.63,0.32999999999999996,0.28,296,8027.083249,9.0,
1788687900,Down,True,0.9699999968,-22.0,9,6,0.280188,0.280188,0.699812,565,12458.752255,4.0,
1788688800,Up,True,0.9,-158.0,10,6,0.63,0.519999998,0.28,193,4164.345807,6.0,
1788689700,Up,True,0.909999999,-125.0,10,6,0.73,0.65,0.18000000000000005,153,2890.53696,18.0,
1788687600,Down,True,0.9,-160.0,9,6,0.6499999878,0.6,0.2600000122,188,4138.77268,7.0,
1788686400,Up,True,0.9300000637,-100.0,9,6,0.20483333329999998,0.20483333329999998,0.7451666667,554,12047.816951,5.0,
1788689100,Up,True,0.96,-30.0,10,6,0.30000000000000004,0.17,0.6699999999999999,531,10405.59043,3.0,
1788686700,Up,True,0.94,-94.0,9,6,0.75,0.5,0.20999999999999996,274,5765.214786,7.0,
1788689400,Up,True,0.96,-14.0,10,6,0.43999999999999995,0.37,0.53,562,10671.270277,9.0,
1788690000,Up,True,0.99,1.0,10,6,0.2652630144,0.12,0.7247369856,905,24342.910601,0.0,
1788690900,Down,True,0.93,-102.0,10,6,0.53,0.49,0.41999999999999993,266,10542.446923,30.0,
1788691200,Up,True,0.9,-210.0,10,6,0.74,0.36,0.16000000000000003,166,4398.583806,8.0,
1788692700,Down,True,0.94,-132.0,11,6,0.32999999999999996,0.32999999999999996,0.62,328,9072.938623,3.0,
1788687300,Down,True,0.92,-223.0,9,6,0.6499999946,0.5199999813,0.2700000054,222,4804.623252,22.0,
1788691800,Up,True,0.96,-69.0,10,6,0.5,0.5,0.47,225,6902.820523,3.0,
1788692400,Down,True,0.9,-203.0,11,6,0.51,0.51,0.39,237,4789.816043,13.0,
1788694500,Down,True,0.9,-154.0,11,6,0.84,0.7195616615,0.07000000000000006,122,2939.629575,58.0,
1788693300,Down,True,0.9499401538,-53.0,11,6,0.16000000000000003,0.07999999999999996,0.7899999999999999,450,9902.065692,9.0,
1788692100,Up,True,0.93,-98.0,10,6,0.36,0.3300000002,0.59,396,10484.92248,7.0,
1788690600,Up,True,0.949999962,-35.0,10,6,0.4313640748,0.4299999502,0.5486359251999999,458,10816.641929,12.0,
1788688200,Up,True,0.9299999907,-72.0,9,6,0.62,0.36,0.31999996240000006,311,5063.386145,5.0,
1788685800,Up,True,0.9799999569,-129.0,9,6,0.9299999907,0.5625,0.05000000930000004,121,2913.668078,81.0,
1788693000,Down,False,0.8999999892,-122.0,11,6,0.534,0.36,0.376,318,8137.399499,21.0,56.0
1788691500,Down,True,0.9199999816,-151.0,10,6,0.5400000405000001,0.52,0.3799999595,173,3642.187411,17.0,
1788693600,Down,True,0.9,-162.0,11,6,0.75,0.28,0.15000000000000002,177,6976.3099489999995,8.0,
1788694800,Up,True,0.9699999951,-83.0,11,6,0.49,0.49,0.48,287,7764.455293,3.0,
1788694200,Up,True,0.92,-45.0,11,6,0.14,0.14,0.83,511,12411.710941,5.0,
1788695400,Down,True,0.9199999816,-149.0,11,6,0.65,0.6,0.27,147,2831.170943,4.0,
1788693900,Down,False,0.8900000460999999,-236.0,11,6,0.43000000000000005,0.43000000000000005,0.47,303,9524.971291,12.0,107.0
1788696300,Down,True,0.92,-156.0,12,6,0.8,0.47000004799999995,0.12,154,4115.741398,42.0,
1788696900,Up,True,0.91,-267.0,12,6,0.48857053250000004,0.48857053250000004,0.4599981168999999,284,11760.401683,8.0,
1788696000,Up,True,0.9,-28.0,12,6,0.5127266667,0.5127266667,0.40727333330000004,408,9274.900024,4.0,
1788695100,Up,True,0.96,-53.0,11,6,0.5599998432,0.5100000049,0.4100001568,330,7340.164967,6.0,
1788696600,Down,False,0.92,-223.0,12,6,0.64,0.4459340488,0.28,272,8036.646867,8.0,178.0
1788697200,Up,True,0.89,-123.0,12,6,0.52,0.36,0.4,236,4973.635294,11.0,
1788699000,Up,True,0.8900000479,-166.0,12,6,0.66,0.62,0.26,213,5415.802558,8.0,
1788695700,Down,True,0.899999892,-67.0,11,6,0.7399998974,0.525,0.17000010259999998,221,3707.786239,11.0,
1788697500,Down,True,0.910000081,-58.0,12,6,0.36,0.15983666669999996,0.59,380,10407.227344,4.0,
1788700200,Down,True,0.95,-163.0,13,6,0.73,0.5500000193,0.24,188,4191.682416,8.0,
1788698400,Down,True,0.92,-137.0,12,6,0.81,0.640000023,0.1299999905999999,223,5891.246933,9.0,51.0
1788699300,Down,True,0.9,-163.0,12,6,0.6699999999999999,0.16,0.2400000000000001,257,4032.190608,32.0,
1788697800,Up,True,0.92,-41.0,12,6,0.25,0.25,0.72,522,10615.947776,4.0,
1788698100,Down,True,0.9,-131.0,12,6,0.41000000000000003,0.35,0.5,247,5849.350495,7.0,32.0
1788700500,Down,True,0.940000054,-134.0,13,6,0.5900000554,0.51,0.36999994459999996,318,6565.649349,12.0,
1788698700,Down,True,0.96,-42.0,12,6,0.29000000000000004,0.1668196329,0.69,481,10319.789599,6.0,
1788699600,Down,False,0.91,-176.0,13,6,0.6500001225,0.5700001720000001,0.2699998775,273,10587.586689,13.0,54.0
1788699900,Up,True,0.9399996992,-83.0,13,6,0.4699999478,0.21999999999999997,0.48000005219999997,428,8948.804946,16.0,36.0
1788702000,Down,True,0.95,-82.0,13,6,0.67,0.48000001820000004,0.28382508409999996,258,6602.610001,32.0,
1788688500,Up,True,0.97,-50.0,9,6,0.030000000000000027,0.030000000000000027,0.96,680,24416.967387,9.0,
1788701700,Up,True,0.94,-177.0,13,6,0.71,0.5495609474,0.24,292,6253.243635,23.0,
1788703500,Down,True,0.94,-156.0,14,6,0.8,0.4700000017,0.1399999999999999,211,4400.454469,26.0,
1788701100,Down,True,0.95,-74.0,13,6,0.6410549999999999,0.41000002710000005,0.31894500000000003,333,9750.53527,9.0,
1788704400,Down,True,0.94,-243.0,14,6,0.6600000367000001,0.45,0.2899999632999999,406,11692.027187,23.0,
1788702600,Down,True,0.9399999981,-76.0,13,6,0.61,0.54,0.33999999999999997,305,6278.191682,22.0,
1788701400,Down,True,0.98,-51.0,13,6,0.285655,0.285655,0.704345,666,13639.77595,9.0,
1788704700,Up,True,0.96,-85.0,14,6,0.7200000932999999,0.71,0.25999990670000006,335,7323.272033,22.0,
1788702300,Up,True,0.96,-115.0,13,6,0.84,0.75,0.13,188,6568.768843,58.0,
1788700800,Down,True,0.96,-35.0,13,6,0.18000000000000005,0.18000000000000005,0.7999999999999999,597,12875.50552,12.0,
1788703200,Up,True,0.96,-53.0,14,6,0.28000002739999996,0.28000002739999996,0.6899999726,489,10010.74128,22.0,
1788704100,Down,False,0.98,-170.0,14,6,0.44999999999999996,0.26,0.54,590,13358.678292,19.0,93.0
1788707700,Up,True,0.97,-186.0,15,6,0.79,0.5560533333,0.17999999999999994,213,4921.112882,56.0,
1788705000,Down,True,0.95,-203.0,14,6,0.73,0.5500000054,0.21999999999999997,332,5988.467312,19.0,
1788706200,Up,True,0.95,-116.0,14,6,0.65,0.5700000049,0.29999999999999993,277,4712.979363,31.0,
1788708300,Down,True,0.9399999906,-60.0,15,6,0.62,0.49,0.32999999999999996,414,6470.184386,15.0,
1788705900,Down,True,0.94862905,-178.0,14,6,0.8099999854,0.41000015339999996,0.1500000146,208,3087.665011,46.0,
1788703800,Down,True,0.9399999624,-89.0,14,6,0.65,0.18999999999999995,0.29999999999999993,314,7883.587615,15.0,
1788709500,Up,True,0.94,-88.0,15,6,0.49,0.48,0.45999999999999996,319,7599.0529,10.0,
1788709200,Down,True,0.9299999154,-47.0,15,6,0.4,0.35,0.5599999999999999,662,11071.536988,21.0,
1788707100,Up,True,0.95,-103.0,15,6,0.72,0.6,0.22999999999999998,171,3015.872475,17.0,
1788706500,Down,True,0.95,-158.0,14,6,0.8,0.6,0.1499999999999999,242,6173.565279,42.0,
1788702900,Up,False,0.95,-136.0,13,6,0.6300001369,0.37,0.31999986309999995,288,8162.724166,13.0,4.0
1788708600,Down,False,0.9699999981,-72.0,15,6,0.34,0.32999999999999996,0.6299999999999999,631,12345.816207,12.0,25.0
1788710400,Down,True,0.99,-82.0,16,6,0.8941625,0.6981499528999999,0.09583750000000002,175,5711.087371,92.0,
1788706800,Down,True,0.94,-211.0,15,6,0.6400000098,0.4707466667,0.3099999901999999,501,12811.642115,32.0,
1788708000,Up,True,0.95,-156.0,15,6,0.7300000837,0.65,0.21999991629999993,186,4041.496503,27.0,
1788705300,Up,True,0.96,-157.0,14,6,0.81,0.77,0.1499999999999999,253,5814.196524,40.0,
1788711600,Down,True,0.98,-68.0,16,6,0.77,0.5,0.20999999999999996,306,7911.328235,22.0,
1788712200,Up,True,0.98,-82.0,16,6,0.88,0.29000000429999995,0.10999999999999999,258,7821.067258,64.0,
1788708900,Up,True,0.94,-130.0,15,6,0.56,0.37,0.3799999999999999,305,5676.029038,23.0,
1788705600,Up,True,0.9399999962,-99.0,14,6,0.5505,0.5,0.38949999999999996,296,4543.459807,21.0,
1788713400,Up,True,0.97,-82.0,16,6,0.72026,0.6300000888,0.24973999999999996,232,4919.446472,5.0,
1788710100,Up,True,0.94,-85.0,15,6,0.62,0.2799999833,0.33999999999999997,385,8271.673752,5.0,
1788716400,Up,True,0.97,-21.0,17,6,0.56,0.39,0.42999999999999994,494,11478.359925,17.0,
1788713100,Down,True,0.96,-73.0,16,6,0.75,0.75,0.21999999999999997,366,8849.986747,11.0,
1788711300,Down,True,0.95,-45.0,16,6,0.61,0.41000015339999996,0.36,494,10306.093944,9.0,
1788709800,Up,False,0.95,-67.0,15,6,0.6966166667,0.6099998597,0.26338333329999997,360,8891.542028,13.0,16.0
1788714300,Down,True,0.96,-64.0,17,6,0.19999999999999996,0.14,0.77,541,14294.141838,11.0,
1788716100,Up,True,0.96,-81.0,17,6,0.69,0.51,0.27,327,8952.927694,30.0,
1788715500,Down,True,0.9300000637,-73.0,17,6,0.5858333333,0.4339716667,0.3741666667,365,7768.040298,20.0,
1788712500,Down,True,0.96,-83.0,16,6,0.9299999999999999,0.81,0.050000000000000044,174,3358.456596,106.0,
1788716700,Down,True,0.9399999624,-54.0,17,6,0.6708064516,0.5825,0.2691935484,355,7865.194232,17.0,
1788717000,Up,True,0.9699999733,-38.0,17,6,0.3,0.18999999999999995,0.6799999999999999,614,12885.086398,7.0,
1788714600,Up,True,0.96,-65.0,17,6,0.48,0.48,0.49,392,10692.702964,30.0,
1788710700,Down,True,0.9499995725,-62.0,16,6,0.546,0.5,0.4139999999999999,295,6859.125484,16.0,
1788719400,Up,True,0.98,-82.0,18,6,0.89,0.6599999954,0.09999999999999998,247,9058.704235,89.0,
1788714000,Down,True,0.96,-55.0,17,6,0.6199999524,0.24,0.37000004759999994,423,9035.384024,22.0,
1788712800,Down,False,0.95,-83.0,16,6,0.6300000021000001,0.26,0.3299999978999999,315,7441.01127,28.0,41.0
1788718800,Up,True,0.98,-83.0,18,6,0.8531133333,0.73,0.13688666669999994,222,5321.708612,87.0,
1788721500,Down,True,0.97,-81.0,19,6,0.92,0.7,0.05999999999999994,152,3837.049826,92.0,
1788717600,Up,True,0.99,-84.0,18,6,0.9,0.69,0.08999999999999997,214,7449.988743,63.0,
1788719100,Up,True,0.98,-41.0,18,6,0.16000000680000004,0.15,0.8299999932,475,11120.637423,3.0,
1788722100,Down,True,0.959999616,-66.0,19,6,0.48,0.48,0.49,356,8510.373999,6.0,
1788717300,Down,True,0.97,-35.0,17,6,0.050000000000000044,0.050000000000000044,0.9299999999999999,778,21485.002932,10.0,
1788723000,Down,True,0.9399999937,-82.0,19,6,0.84,0.65,0.10999999999999999,179,3361.003738,53.0,
1788718200,Up,True,0.96,-81.0,18,6,0.730345,0.33000012869999995,0.22965499999999994,320,8926.303906,32.0,
1788715200,Up,True,0.95,-49.0,17,6,0.5300000227,0.31000000000000005,0.42999997729999995,524,16153.83037,17.0,
1788719700,Up,True,0.96,-57.0,18,6,0.74,0.49,0.22999999999999998,320,8714.480375,14.0,
1788720300,Down,True,0.95,-84.0,18,6,0.81,0.6,0.1499999999999999,250,6074.227581,18.0,
1788720000,Down,True,0.9366415313,-83.0,18,6,0.6056866667,0.28,0.36431333329999993,394,9102.617611,15.0,
1788718500,Up,True,0.9699999993,-15.0,18,6,0.27000000059999996,0.27,0.7199999994,659,16276.468734,8.0,
1788724200,Up,True,0.9661489299,-51.0,19,6,0.57,0.53,0.40913835730000003,332,10694.513554,9.0,
1788726000,Up,True,0.999,-74.0,20,6,0.993,0.99,0.006000000000000005,36,5470.97114,196.0,
1788725100,Down,True,0.98,-81.0,20,6,0.9299999997,0.7700001277999999,0.06000000029999997,141,5388.374748,93.0,
1788721800,Down,True,0.9799991572,-29.0,19,6,0.56,0.3200000194,0.42999999999999994,443,9866.34406,7.0,
1788723900,Up,True,0.97,-53.0,19,6,0.76,0.6599999999999999,0.20999999999999996,296,5410.371401,15.0,
1788725700,Up,True,0.99,-52.0,20,6,0.32488951509999997,0.32488951509999997,0.6651104849,441,11527.466617,2.0,
1788723600,Down,True,0.9699999968,-51.0,19,6,0.6799999999999999,0.44497843140000004,0.29000000000000004,394,8451.148973,11.0,
1788720600,Up,True,0.98,-5.0,18,6,0.12,0.12,0.87,941,23744.451363,4.0,
1788720900,Up,True,0.9399999981,-80.0,18,6,0.30000000000000004,0.3,0.6699999999999999,424,14283.038583,7.0,
1788725400,Up,True,0.95,-81.0,20,6,0.6700000078,0.5614375538,0.29350522479999996,213,5452.10711,29.0,
1788722700,Down,True,0.9699999981,-39.0,19,6,0.5,0.36,0.47,380,7852.801341,11.0,
1788726900,Down,True,0.9399996992,-69.0,20,6,0.6700000409,0.19999999999999996,0.2799999591,285,6875.496383,18.0,
1788722400,Down,True,0.9499998892,-50.0,19,6,0.54,0.54,0.42999999999999994,485,11039.202432,10.0,
1788723300,Down,True,0.97,-56.0,19,6,0.7800001452,0.7800001452,0.18999985479999992,333,7367.643017,42.0,
1788726600,Up,True,0.95,-72.0,20,6,0.7400000728,0.64,0.20999992719999994,297,7631.8113,26.0,
1788726300,Down,True,0.9309225296,-29.0,20,6,0.53,0.25,0.43999999999999995,370,7960.541271,10.0,
1788727200,Down,False,0.95,-61.0,20,6,0.77,0.77,0.19999999999999996,284,8497.11911,17.0,8.0
1788724500,Down,False,0.95,-56.0,19,6,0.31999999999999995,0.04,0.65,534,13016.190863,16.0,15.0
