#,date,time_entered,window,secs_before_close,strategy_era,side,entry_price,shares,cost_usd,outcome,exit_price,pnl_usd,running_total_usd,entry_bid,entry_ask,entry_spread,false_stop
1,2026-09-06,10:12:51,10:10-10:15,129,ask-trigger (v1),Up,0.9800,5.10,5.00,WON,-,0.1020,0.1020,-,-,-,-
2,2026-09-06,10:17:15,10:15-10:20,165,ask-trigger (v1),Up,0.9200,5.38,4.95,WON,-,0.4304,0.5324,-,-,-,-
3,2026-09-06,10:23:20,10:20-10:25,100,ask-trigger (v1),Up,0.9600,5.21,5.00,WON,-,0.2084,0.7408,-,-,-,-
4,2026-09-06,10:28:26,10:25-10:30,94,ask-trigger (v1),Up,0.9500,5.26,5.00,WON,-,0.2630,1.0038,-,-,-,-
5,2026-09-06,10:36:17,10:35-10:40,223,ask-trigger (v1),Down,0.9200,8.70,8.00,WON,-,0.6960,1.6998,-,-,-,-
6,2026-09-06,10:42:20,10:40-10:45,160,ask-trigger (v1),Down,0.9000,8.89,8.00,WON,-,0.8890,2.5888,-,-,-,-
7,2026-09-06,10:49:38,10:45-10:50,22,ask-trigger (v1),Down,0.9900,8.08,8.00,WON,-,0.0808,2.6696,-,-,-,-
8,2026-09-06,10:53:48,10:50-10:55,72,ask-trigger (v1),Up,0.8700,8.60,7.48,WON,-,1.1180,3.7876,-,-,-,-
9,2026-09-06,10:59:10,10:55-11:00,50,ask-trigger (v1),Up,0.9700,8.25,8.00,WON,-,0.2475,4.0351,-,-,-,-
10,2026-09-06,11:02:22,11:00-11:05,158,ask-trigger (v1),Up,0.9200,8.70,8.00,WON,-,0.6960,4.7311,-,-,-,-
11,2026-09-06,11:09:30,11:05-11:10,30,ask-trigger (v1),Up,0.9700,8.25,8.00,WON,-,0.2475,4.9786,-,-,-,-
12,2026-09-06,11:14:46,11:10-11:15,14,ask-trigger (v1),Up,0.9900,8.08,8.00,WON,-,0.0808,5.0594,-,-,-,-
13,2026-09-06,11:17:55,11:15-11:20,125,ask-trigger (v1),Up,0.9000,8.89,8.00,WON,-,0.8890,5.9484,-,-,-,-
14,2026-09-06,11:25:01,11:20-11:25,-1,ask-trigger (v1),Up,0.9700,8.25,8.00,WON,-,0.2475,6.1959,-,-,-,-
15,2026-09-06,11:29:10,11:25-11:30,50,ask-trigger (v1),Up,0.9400,8.51,8.00,WON,-,0.5106,6.7065,-,-,-,-
16,2026-09-06,11:34:25,11:30-11:35,35,ask-trigger (v1),Up,0.9900,8.08,8.00,WON,-,0.0808,6.7873,-,-,-,-
17,2026-09-06,11:38:18,11:35-11:40,102,ask-trigger (v1),Down,0.9300,8.60,8.00,WON,-,0.6020,7.3893,-,-,-,-
18,2026-09-06,11:41:30,11:40-11:45,210,ask-trigger (v1),Up,0.9000,8.89,8.00,WON,-,0.8890,8.2783,-,-,-,-
19,2026-09-06,11:47:29,11:45-11:50,151,ask-trigger (v1),Down,0.9300,8.60,8.00,WON,-,0.6020,8.8803,-,-,-,-
20,2026-09-06,11:53:51,11:50-11:55,69,ask-trigger (v1),Up,0.9600,8.33,8.00,WON,-,0.3332,9.2135,-,-,-,-
21,2026-09-06,11:58:22,11:55-12:00,98,ask-trigger (v1),Up,0.9500,8.42,8.00,WON,-,0.4210,9.6345,-,-,-,-
22,2026-09-06,12:01:37,12:00-12:05,203,ask-trigger (v1),Down,0.9000,8.89,8.00,WON,-,0.8890,10.5235,-,-,-,-
23,2026-09-06,12:07:48,12:05-12:10,132,ask-trigger (v1),Down,0.9300,8.60,8.00,WON,-,0.6020,11.1255,-,-,-,-
24,2026-09-06,12:12:58,12:10-12:15,122,ask-trigger (v1),Down,0.9000,8.89,8.00,LOST,-,-8.0010,3.1245,-,-,-,-
25,2026-09-06,12:19:07,12:15-12:20,53,ask-trigger (v1),Down,0.9500,8.42,8.00,WON,-,0.4210,3.5455,-,-,-,-
26,2026-09-06,12:22:18,12:20-12:25,162,ask-trigger (v1),Down,0.9000,8.89,8.00,WON,-,0.8890,4.4345,-,-,-,-
27,2026-09-06,12:26:04,12:25-12:30,236,ask-trigger (v1),Down,0.9000,8.89,8.00,LOST,-,-8.0010,-3.5665,-,-,-,-
28,2026-09-06,12:34:15,12:30-12:35,45,ask-trigger (v1),Up,0.9700,8.16,7.92,WON,-,0.2448,-3.3217,-,-,-,-
29,2026-09-06,12:37:26,12:35-12:40,154,ask-trigger (v1),Down,0.9100,8.78,7.99,WON,-,0.7902,-2.5315,-,-,-,-
30,2026-09-06,12:43:37,12:40-12:45,83,ask-trigger (v1),Up,0.9800,8.16,8.00,WON,-,0.1632,-2.3683,-,-,-,-
31,2026-09-06,12:49:07,12:45-12:50,53,ask-trigger (v1),Up,0.7802,8.33,6.50,WON,-,1.8312,-0.5371,-,-,-,-
32,2026-09-06,12:52:31,12:50-12:55,149,ask-trigger (v1),Down,0.9100,8.78,7.99,WON,-,0.7902,0.2531,-,-,-,-
33,2026-09-06,12:58:53,12:55-13:00,67,ask-trigger (v1),Down,0.8800,8.89,7.82,WON,-,1.0668,1.3199,-,-,-,-
34,2026-09-06,13:04:32,13:00-13:05,28,ask-trigger (v1),Up,0.9100,8.79,8.00,WON,-,0.7911,2.1110,-,-,-,-
35,2026-09-06,13:07:24,13:05-13:10,156,ask-trigger (v1),Down,0.9200,8.70,8.00,WON,-,0.6960,2.8070,-,-,-,-
36,2026-09-06,13:11:17,13:10-13:15,223,ask-trigger (v1),Down,0.9200,8.70,8.00,LOST,-,-8.0040,-5.1970,-,-,-,-
37,2026-09-06,13:15:33,13:15-13:20,267,ask-trigger (v1),Up,0.9100,8.79,8.00,WON,-,0.7911,-4.4059,-,-,-,-
38,2026-09-06,13:22:57,13:20-13:25,123,ask-trigger (v1),Up,0.9200,8.60,7.91,WON,-,0.6880,-3.7179,-,-,-,-
39,2026-09-06,13:29:02,13:25-13:30,58,ask-trigger (v1),Down,0.9500,8.42,8.00,WON,-,0.4210,-3.2969,-,-,-,-
40,2026-09-06,13:34:19,13:30-13:35,41,ask-trigger (v1),Up,0.9700,8.25,8.00,WON,-,0.2475,-3.0494,-,-,-,-
41,2026-09-06,13:37:49,13:35-13:40,131,ask-trigger (v1),Down,0.8800,8.89,7.82,WON,-,1.0668,-1.9826,-,-,-,-
42,2026-09-06,13:42:43,13:40-13:45,137,ask-trigger (v1),Down,0.9400,8.51,8.00,WON,-,0.5106,-1.4720,-,-,-,-
43,2026-09-06,13:49:18,13:45-13:50,42,ask-trigger (v1),Down,0.9800,8.16,8.00,WON,-,0.1632,-1.3088,-,-,-,-
44,2026-09-06,13:52:14,13:50-13:55,166,ask-trigger (v1),Up,0.9200,8.60,7.91,WON,-,0.6880,-0.6208,-,-,-,-
45,2026-09-06,13:57:17,13:55-14:00,163,ask-trigger (v1),Down,0.9100,8.78,7.99,WON,-,0.7902,0.1694,-,-,-,-
46,2026-09-06,14:02:04,14:00-14:05,176,ask-trigger (v1),Down,0.9300,8.60,8.00,LOST,-,-7.9980,-7.8286,-,-,-,-
47,2026-09-06,14:08:37,14:05-14:10,83,ask-trigger (v1),Up,0.9500,8.42,8.00,WON,-,0.4210,-7.4076,-,-,-,-
48,2026-09-06,14:12:17,14:10-14:15,163,ask-trigger (v1),Down,0.9500,8.33,7.91,WON,-,0.4165,-6.9911,-,-,-,-
49,2026-09-06,14:17:46,14:15-14:20,134,ask-trigger (v1),Down,0.9500,8.42,8.00,WON,-,0.4210,-6.5701,-,-,-,-
50,2026-09-06,14:24:25,14:20-14:25,35,ask-trigger (v1),Down,0.9800,8.16,8.00,WON,-,0.1632,-6.4069,-,-,-,-
51,2026-09-06,14:28:46,14:25-14:30,74,ask-trigger (v1),Down,0.9600,8.33,8.00,WON,-,0.3332,-6.0737,-,-,-,-
52,2026-09-06,14:34:09,14:30-14:35,51,ask-trigger (v1),Down,0.9900,8.08,8.00,WON,-,0.0808,-5.9929,-,-,-,-
53,2026-09-06,14:37:03,14:35-14:40,177,ask-trigger (v1),Up,0.9400,8.51,8.00,WON,-,0.5106,-5.4823,-,-,-,-
54,2026-09-06,14:43:38,14:40-14:45,82,ask-trigger (v1),Down,0.9600,8.33,8.00,WON,-,0.3332,-5.1491,-,-,-,-
55,2026-09-06,14:48:05,14:45-14:50,115,ask-trigger (v1),Up,0.9700,8.25,8.00,WON,-,0.2475,-4.9016,-,-,-,-
56,2026-09-06,14:53:44,14:50-14:55,76,ask-trigger (v1),Down,0.9500,8.42,8.00,WON,-,0.4210,-4.4806,-,-,-,-
57,2026-09-06,14:57:44,14:55-15:00,136,ask-trigger (v1),Up,0.9500,8.42,8.00,LOST,-,-7.9990,-12.4796,-,-,-,-
58,2026-09-06,15:04:07,15:00-15:05,53,ask-trigger (v1),Up,0.9700,8.25,8.00,WON,-,0.2475,-12.2321,-,-,-,-
59,2026-09-06,15:07:24,15:05-15:10,156,ask-trigger (v1),Down,0.9400,8.51,8.00,WON,-,0.5106,-11.7215,-,-,-,-
60,2026-09-06,15:13:31,15:10-15:15,89,ask-trigger (v1),Down,0.9400,8.51,8.00,WON,-,0.5106,-11.2109,-,-,-,-
61,2026-09-06,15:17:10,15:15-15:20,170,ask-trigger (v1),Down,0.9300,8.42,7.83,LOST,-,-7.8306,-19.0415,-,-,-,-
62,2026-09-06,15:20:57,15:20-15:25,243,ask-trigger (v1),Down,0.9500,8.42,8.00,WON,-,0.4210,-18.6205,-,-,-,-
63,2026-09-06,15:28:35,15:25-15:30,85,ask-trigger (v1),Up,0.9600,8.33,8.00,WON,-,0.3332,-18.2873,-,-,-,-
64,2026-09-06,15:31:37,15:30-15:35,203,ask-trigger (v1),Down,0.9400,8.42,7.91,WON,-,0.5052,-17.7821,-,-,-,-
65,2026-09-06,15:37:23,15:35-15:40,157,ask-trigger (v1),Up,0.9500,8.42,8.00,WON,-,0.4210,-17.3611,-,-,-,-
66,2026-09-06,15:43:21,15:40-15:45,99,ask-trigger (v1),Up,0.9500,8.42,8.00,WON,-,0.4210,-16.9401,-,-,-,-
67,2026-09-06,15:47:02,15:45-15:50,178,ask-trigger (v1),Down,0.9500,8.42,8.00,WON,-,0.4210,-16.5191,-,-,-,-
68,2026-09-06,15:53:04,15:50-15:55,116,ask-trigger (v1),Up,0.9600,8.33,8.00,WON,-,0.3332,-16.1859,-,-,-,-
69,2026-09-06,15:57:22,15:55-16:00,158,ask-trigger (v1),Down,0.9500,8.42,8.00,WON,-,0.4210,-15.7649,-,-,-,-
70,2026-09-06,16:01:29,16:00-16:05,211,ask-trigger (v1),Down,0.9400,8.51,8.00,WON,-,0.5106,-15.2543,-,-,-,-
71,2026-09-06,16:08:17,16:05-16:10,103,ask-trigger (v1),Up,0.9400,8.51,8.00,WON,-,0.5106,-14.7437,-,-,-,-
72,2026-09-06,16:16:54,16:15-16:20,186,ask-trigger (v1),Up,0.9700,8.25,8.00,WON,-,0.2475,-14.4962,-,-,-,-
73,2026-09-06,16:22:24,16:20-16:25,156,ask-trigger (v1),Up,0.9500,8.42,8.00,WON,-,0.4210,-14.0752,-,-,-,-
74,2026-09-06,16:29:00,16:25-16:30,60,ask-trigger (v1),Down,0.9700,8.25,8.00,WON,-,0.2475,-13.8277,-,-,-,-
75,2026-09-06,16:33:48,16:30-16:35,72,ask-trigger (v1),Down,0.9800,8.16,8.00,LOST,-,-7.9968,-21.8245,-,-,-,-
76,2026-09-06,16:37:50,16:35-16:40,130,ask-trigger (v1),Up,0.9500,8.42,8.00,WON,-,0.4210,-21.4035,-,-,-,-
77,2026-09-06,16:44:13,16:40-16:45,47,ask-trigger (v1),Down,0.9700,8.25,8.00,WON,-,0.2475,-21.1560,-,-,-,-
78,2026-09-06,16:48:32,16:45-16:50,88,ask-trigger (v1),Up,0.9500,8.42,8.00,WON,-,0.4210,-20.7350,-,-,-,-
79,2026-09-06,16:53:53,16:50-16:55,67,ask-trigger (v1),Up,0.9700,8.25,8.00,LOST,-,-8.0025,-28.7375,-,-,-,-
80,2026-09-06,16:58:35,16:55-17:00,85,ask-trigger (v1),Up,0.9600,8.33,8.00,WON,-,0.3332,-28.4043,-,-,-,-
81,2026-09-06,17:03:38,17:00-17:05,82,ask-trigger (v1),Down,0.9900,5.05,5.00,WON,-,0.0505,-28.3538,-,-,-,-
82,2026-09-06,17:08:58,17:05-17:10,62,ask-trigger (v1),Down,0.9600,5.21,5.00,WON,-,0.2084,-28.1454,-,-,-,-
83,2026-09-06,17:19:15,17:15-17:20,45,ask-trigger (v1),Down,0.9500,5.26,5.00,WON,-,0.2630,-27.8824,-,-,-,-
84,2026-09-06,17:23:52,17:20-17:25,68,ask-trigger (v1),Down,0.9800,5.09,4.99,WON,-,0.1018,-27.7806,-,-,-,-
85,2026-09-06,17:33:38,17:30-17:35,82,ask-trigger (v1),Up,0.9900,5.05,5.00,WON,-,0.0505,-27.7301,-,-,-,-
86,2026-09-06,17:38:37,17:35-17:40,83,ask-trigger (v1),Down,0.9700,5.15,5.00,WON,-,0.1545,-27.5756,-,-,-,-
87,2026-09-06,17:43:37,17:40-17:45,83,ask-trigger (v1),Down,0.9400,5.21,4.90,LOST,-,-4.8974,-32.4730,-,-,-,-
88,2026-09-06,17:48:47,17:45-17:50,73,ask-trigger (v1),Down,0.9500,5.26,5.00,WON,-,0.2630,-32.2100,-,-,-,-
89,2026-09-06,17:53:38,17:50-17:55,82,ask-trigger (v1),Up,0.9700,5.15,5.00,WON,-,0.1545,-32.0555,-,-,-,-
90,2026-09-06,18:04:05,18:00-18:05,55,ask-trigger (v1),Down,0.9900,5.05,5.00,WON,-,0.0505,-32.0050,-,-,-,-
91,2026-09-06,18:08:56,18:05-18:10,64,ask-trigger (v1),Down,0.9800,5.09,4.99,WON,-,0.1018,-31.9032,-,-,-,-
92,2026-09-06,18:13:55,18:10-18:15,65,ask-trigger (v1),Up,0.9600,5.21,5.00,WON,-,0.2084,-31.6948,-,-,-,-
93,2026-09-06,18:24:11,18:20-18:25,49,ask-trigger (v1),Up,0.9700,5.15,5.00,WON,-,0.1545,-31.5403,-,-,-,-
94,2026-09-06,18:28:47,18:25-18:30,73,ask-trigger (v1),Down,0.9700,5.15,5.00,WON,-,0.1545,-31.3858,-,-,-,-
95,2026-09-06,18:38:39,18:35-18:40,81,ask-trigger (v1),Up,0.9400,5.32,5.00,WON,-,0.3192,-31.0666,-,-,-,-
96,2026-09-06,18:44:39,18:40-18:45,21,ask-trigger (v1),Up,0.9800,5.09,4.99,WON,-,0.1018,-30.9648,-,-,-,-
97,2026-09-06,18:49:06,18:45-18:50,54,ask-trigger (v1),Down,0.9900,5.05,5.00,WON,-,0.0505,-30.9143,-,-,-,-
98,2026-09-06,18:54:22,18:50-18:55,38,ask-trigger (v1),Up,0.9700,5.09,4.94,WON,-,0.1527,-30.7616,-,-,-,-
99,2026-09-06,18:59:25,18:55-19:00,35,ask-trigger (v1),Down,0.9700,5.15,5.00,WON,-,0.1545,-30.6071,-,-,-,-
100,2026-09-06,19:03:36,19:00-19:05,84,ask-trigger (v1),Up,0.9900,5.05,5.00,WON,-,0.0505,-30.5566,-,-,-,-
101,2026-09-06,19:13:39,19:10-19:15,81,ask-trigger (v1),Up,0.9600,5.15,4.94,WON,-,0.2060,-30.3506,-,-,-,-
102,2026-09-06,19:19:45,19:15-19:20,15,ask-trigger (v1),Up,0.9800,5.10,5.00,WON,-,0.1020,-30.2486,-,-,-,-
103,2026-09-06,19:23:37,19:20-19:25,83,ask-trigger (v1),Up,0.9900,5.05,5.00,WON,-,0.0505,-30.1981,-,-,-,-
104,2026-09-06,19:29:19,19:25-19:30,41,ask-trigger (v1),Up,0.9900,5.05,5.00,WON,-,0.0505,-30.1476,-,-,-,-
105,2026-09-06,19:33:38,19:30-19:35,82,ask-trigger (v1),Up,0.9900,5.05,5.00,WON,-,0.0505,-30.0971,-,-,-,-
106,2026-09-06,19:39:03,19:35-19:40,57,ask-trigger (v1),Up,0.9700,5.15,5.00,WON,-,0.1545,-29.9426,-,-,-,-
107,2026-09-06,19:43:37,19:40-19:45,83,ask-trigger (v1),Down,0.9700,5.15,5.00,WON,-,0.1545,-29.7881,-,-,-,-
108,2026-09-06,19:48:36,19:45-19:50,84,ask-trigger (v1),Down,0.9800,5.09,4.99,WON,-,0.1018,-29.6863,-,-,-,-
109,2026-09-06,19:54:55,19:50-19:55,5,ask-trigger (v1),Up,0.9800,5.05,4.95,WON,-,0.1010,-29.5853,-,-,-,-
110,2026-09-06,19:58:40,19:55-20:00,80,ask-trigger (v1),Up,0.9200,5.26,4.84,WON,-,0.4208,-29.1645,-,-,-,-
111,2026-09-06,20:08:39,20:05-20:10,81,ask-trigger (v1),Down,0.9900,5.05,5.00,WON,-,0.0505,-29.1140,-,-,-,-
112,2026-09-06,20:14:31,20:10-20:15,29,ask-trigger (v1),Down,0.9800,5.10,5.00,WON,-,0.1020,-29.0120,-,-,-,-
113,2026-09-06,20:18:54,20:15-20:20,66,ask-trigger (v1),Down,0.9600,5.15,4.94,WON,-,0.2060,-28.8060,-,-,-,-
114,2026-09-06,20:24:10,20:20-20:25,50,ask-trigger (v1),Down,0.9600,5.21,5.00,WON,-,0.2084,-28.5976,-,-,-,-
115,2026-09-06,20:29:21,20:25-20:30,39,ask-trigger (v1),Down,0.9100,5.15,4.69,WON,-,0.4635,-28.1341,-,-,-,-
116,2026-09-06,20:33:38,20:30-20:35,82,ask-trigger (v1),Down,0.9500,5.26,5.00,WON,-,0.2630,-27.8711,-,-,-,-
117,2026-09-06,20:39:04,20:35-20:40,56,ask-trigger (v1),Down,0.9800,5.09,4.99,WON,-,0.1018,-27.7693,-,-,-,-
118,2026-09-06,20:44:09,20:40-20:45,51,ask-trigger (v1),Down,0.9700,5.15,5.00,WON,-,0.1545,-27.6148,-,-,-,-
119,2026-09-06,20:49:07,20:45-20:50,53,ask-trigger (v1),Up,0.9600,5.21,5.00,WON,-,0.2084,-27.4064,-,-,-,-
120,2026-09-06,20:54:09,20:50-20:55,51,ask-trigger (v1),Up,0.9700,5.15,5.00,WON,-,0.1545,-27.2519,-,-,-,-
121,2026-09-06,20:59:04,20:55-21:00,56,ask-trigger (v1),Down,0.9300,5.32,4.95,LOST,-,-4.9476,-32.1995,-,-,-,-
122,2026-09-06,21:08:39,21:05-21:10,81,ask-trigger (v1),Down,0.9900,5.05,5.00,WON,-,0.0505,-32.1490,-,-,-,-
123,2026-09-06,21:13:39,21:10-21:15,81,ask-trigger (v1),Up,0.9700,5.15,5.00,WON,-,0.1545,-31.9945,-,-,-,-
124,2026-09-06,21:19:08,21:15-21:20,52,ask-trigger (v1),Up,0.9600,5.05,4.85,WON,-,0.2020,-31.7925,-,-,-,-
125,2026-09-06,21:23:46,21:20-21:25,74,ask-trigger (v1),Up,0.9990,5.01,5.00,WON,-,0.0050,-31.7875,-,-,-,-
126,2026-09-06,21:29:31,21:25-21:30,29,ask-trigger (v1),Down,0.9600,5.15,4.94,WON,-,0.2060,-31.5815,-,-,-,-
127,2026-09-06,21:33:48,21:30-21:35,72,ask-trigger (v1),Up,0.9500,5.26,5.00,WON,-,0.2630,-31.3185,-,-,-,-
128,2026-09-06,21:38:51,21:35-21:40,69,ask-trigger (v1),Down,0.9500,5.26,5.00,WON,-,0.2630,-31.0555,-,-,-,-
129,2026-09-06,21:43:59,21:40-21:45,61,ask-trigger (v1),Down,0.9500,5.26,5.00,LOST,-,-4.9970,-36.0525,-,-,-,-
130,2026-09-07,09:33:48,09:30-09:35,72,ask-trigger (v1),Up,0.9500,5.26,5.00,WON,-,0.2630,-35.7895,-,-,-,-
131,2026-09-07,09:38:46,09:35-09:40,74,ask-trigger (v1),Down,0.9700,5.15,5.00,WON,-,0.1545,-35.6350,-,-,-,-
132,2026-09-07,09:43:45,09:40-09:45,75,ask-trigger (v1),Up,0.9700,5.15,5.00,WON,-,0.1545,-35.4805,-,-,-,-
133,2026-09-07,09:49:03,09:45-09:50,57,ask-trigger (v1),Up,0.5200,5.21,2.71,LOST,-,-2.7092,-38.1897,-,-,-,-
134,2026-09-07,09:54:19,09:50-09:55,41,ask-trigger (v1),Down,0.9700,5.15,5.00,WON,-,0.1545,-38.0352,-,-,-,-
135,2026-09-07,09:58:42,09:55-10:00,78,mid-trigger (v2),Up,0.8500,5.26,4.47,WON,-,0.7890,-37.2462,0.9400,0.9500,0.0100,-
136,2026-09-07,10:04:03,10:00-10:05,57,mid-trigger (v2),Up,0.9900,5.05,5.00,WON,-,0.0505,-37.1957,0.9800,0.9900,0.0100,-
137,2026-09-07,10:13:58,10:10-10:15,62,mid-trigger (v2),Up,0.9700,5.15,5.00,WON,-,0.1545,-37.0412,0.9600,0.9700,0.0100,-
138,2026-09-07,10:19:09,10:15-10:20,51,mid-trigger (v2),Down,0.9700,5.15,5.00,WON,-,0.1545,-36.8867,0.9600,0.9700,0.0100,-
139,2026-09-07,10:23:36,10:20-10:25,84,mid-trigger (v2),Down,0.9800,5.09,4.99,WON,-,0.1018,-36.7849,0.9700,0.9800,0.0100,-
140,2026-09-07,10:28:57,10:25-10:30,63,mid-trigger (v2),Up,0.9800,5.09,4.99,WON,-,0.1018,-36.6831,0.9700,0.9800,0.0100,-
141,2026-09-07,10:33:37,10:30-10:35,83,mid-trigger (v2),Down,0.9500,5.26,5.00,WON,-,0.2630,-36.4201,0.9400,0.9500,0.0100,-
142,2026-09-07,10:44:02,10:40-10:45,58,mid-trigger (v2),Up,0.9800,5.09,4.99,WON,-,0.1018,-36.3183,0.9700,0.9800,0.0100,-
143,2026-09-07,10:48:37,10:45-10:50,83,mid-trigger (v2),Up,0.9500,5.26,5.00,WON,-,0.2630,-36.0553,0.9400,0.9500,0.0100,-
144,2026-09-07,10:59:33,10:55-11:00,27,mid-trigger (v2),Down,0.9900,5.05,5.00,WON,-,0.0505,-36.0048,0.9800,0.9900,0.0100,-
145,2026-09-07,11:03:36,11:00-11:05,84,mid-trigger (v2),Up,0.9900,5.05,5.00,WON,-,0.0505,-35.9543,0.9800,0.9900,0.0100,-
146,2026-09-07,11:14:05,11:10-11:15,55,mid-trigger (v2),Up,0.9900,5.05,5.00,WON,-,0.0505,-35.9038,0.9800,0.9900,0.0100,-
147,2026-09-07,11:18:56,11:15-11:20,64,mid-trigger (v2),Up,0.9900,5.05,5.00,WON,-,0.0505,-35.8533,0.9800,0.9900,0.0100,-
148,2026-09-07,11:28:41,11:25-11:30,79,mid-trigger (v2),Up,0.9600,5.21,5.00,WON,-,0.2084,-35.6449,0.9500,0.9600,0.0100,-
149,2026-09-07,11:34:01,11:30-11:35,59,mid-trigger (v2),Down,0.9700,5.15,5.00,WON,-,0.1545,-35.4904,0.9600,0.9700,0.0100,-
150,2026-09-07,11:39:45,11:35-11:40,15,mid-trigger (v2),Down,0.9900,5.05,5.00,WON,-,0.0505,-35.4399,0.9800,0.9900,0.0100,-
151,2026-09-07,11:43:36,11:40-11:45,84,mid-trigger (v2),Up,0.9600,5.21,5.00,WON,-,0.2084,-35.2315,0.9500,0.9600,0.0100,-
152,2026-09-07,11:48:39,11:45-11:50,81,mid-trigger (v2),Down,0.9700,5.15,5.00,WON,-,0.1545,-35.0770,0.9600,0.9700,0.0100,-
153,2026-09-07,11:53:38,11:50-11:55,82,mid-trigger (v2),Up,0.9600,5.21,5.00,WON,-,0.2084,-34.8686,0.9500,0.9600,0.0100,-
154,2026-09-07,11:58:39,11:55-12:00,81,mid-trigger (v2),Down,0.9990,5.01,5.00,WON,-,0.0050,-34.8636,0.9930,0.9990,0.0060,-
155,2026-09-07,12:03:47,12:00-12:05,73,mid-trigger (v2),Down,0.9800,5.10,5.00,WON,-,0.1020,-34.7616,0.9700,0.9800,0.0100,-
156,2026-09-07,12:08:46,12:05-12:10,74,mid-trigger (v2),Down,0.9800,5.09,4.99,WON,-,0.1018,-34.6598,0.9700,0.9800,0.0100,-
157,2026-09-07,12:19:14,12:15-12:20,46,mid-trigger (v2),Up,0.9800,5.05,4.95,WON,-,0.1010,-34.5588,0.9800,0.9900,0.0100,-
158,2026-09-07,12:23:38,12:20-12:25,82,mid-trigger (v2),Up,0.9600,5.21,5.00,WON,-,0.2084,-34.3504,0.9500,0.9600,0.0100,-
159,2026-09-07,12:29:45,12:25-12:30,15,mid-trigger (v2),Down,0.9900,5.05,5.00,WON,-,0.0505,-34.2999,0.9800,0.9900,0.0100,-
160,2026-09-07,12:34:19,12:30-12:35,41,mid-trigger (v2),Up,0.9800,5.09,4.99,WON,-,0.1018,-34.1981,0.9700,0.9800,0.0100,-
161,2026-09-07,12:38:36,12:35-12:40,84,mid-trigger (v2),Down,0.9900,5.05,5.00,WON,-,0.0505,-34.1476,0.9800,0.9900,0.0100,-
162,2026-09-07,12:44:43,12:40-12:45,17,mid-trigger (v2),Down,0.9900,5.05,5.00,WON,-,0.0505,-34.0971,0.9800,0.9900,0.0100,-
163,2026-09-07,12:49:06,12:45-12:50,54,mid-trigger (v2),Up,0.9500,5.26,5.00,WON,-,0.2630,-33.8341,0.9400,0.9500,0.0100,-
164,2026-09-07,12:54:35,12:50-12:55,25,mid-trigger (v2),Up,0.9900,5.05,5.00,WON,-,0.0505,-33.7836,0.9800,0.9900,0.0100,-
165,2026-09-07,12:58:36,12:55-13:00,84,mid-trigger (v2),Down,0.9900,5.05,5.00,STOPPED OUT,0.6900,-1.5150,-35.2986,0.9800,0.9900,0.0100,False
166,2026-09-07,13:04:01,13:00-13:05,59,mid-trigger (v2),Down,0.9700,5.15,5.00,WON,-,0.1545,-35.1441,0.9600,0.9700,0.0100,-
167,2026-09-07,13:13:44,13:10-13:15,76,mid-trigger (v2),Down,0.9600,5.21,5.00,WON,-,0.2084,-34.9357,0.9500,0.9600,0.0100,-
168,2026-09-07,13:18:37,13:15-13:20,83,mid-trigger (v2),Down,0.9600,5.21,5.00,STOPPED OUT,0.6100,-1.8235,-36.7592,0.9500,0.9600,0.0100,False
169,2026-09-07,13:24:14,13:20-13:25,46,mid-trigger (v2),Up,0.9800,5.10,5.00,WON,-,0.1020,-36.6572,0.9700,0.9800,0.0100,-
170,2026-09-07,13:33:57,13:30-13:35,63,mid-trigger (v2),Down,0.9800,5.09,4.99,WON,-,0.1018,-36.5554,0.9700,0.9800,0.0100,-
171,2026-09-07,13:38:39,13:35-13:40,81,mid-trigger (v2),Down,0.9600,5.21,5.00,WON,-,0.2084,-36.3470,0.9500,0.9600,0.0100,-
172,2026-09-07,13:44:36,13:40-13:45,24,mid-trigger (v2),Down,0.9800,5.09,4.99,WON,-,0.1018,-36.2452,0.9700,0.9800,0.0100,-
173,2026-09-07,13:48:37,13:45-13:50,83,mid-trigger (v2),Up,0.9800,5.10,5.00,WON,-,0.1020,-36.1432,0.9700,0.9800,0.0100,-
174,2026-09-07,13:59:07,13:55-14:00,53,mid-trigger (v2),Up,0.9800,5.10,5.00,WON,-,0.1020,-36.0412,0.9700,0.9800,0.0100,-
175,2026-09-07,14:08:37,14:05-14:10,83,mid-trigger (v2),Down,0.9800,5.05,4.95,WON,-,0.1010,-35.9402,0.9800,0.9900,0.0100,-
176,2026-09-07,14:14:14,14:10-14:15,46,mid-trigger (v2),Up,0.9900,5.05,5.00,WON,-,0.0505,-35.8897,0.9800,0.9900,0.0100,-
177,2026-09-07,14:23:46,14:20-14:25,74,mid-trigger (v2),Up,0.9700,5.09,4.94,WON,-,0.1527,-35.7370,0.9700,0.9800,0.0100,-
178,2026-09-07,14:29:17,14:25-14:30,43,mid-trigger (v2),Down,0.9600,5.21,5.00,WON,-,0.2084,-35.5286,0.9500,0.9600,0.0100,-
179,2026-09-07,14:38:37,14:35-14:40,83,mid-trigger (v2),Down,0.9600,5.15,4.94,WON,-,0.2060,-35.3226,0.9600,0.9700,0.0100,-
180,2026-09-07,14:43:39,14:40-14:45,81,mid-trigger (v2),Down,0.9700,5.15,5.00,WON,-,0.1545,-35.1681,0.9600,0.9700,0.0100,-
181,2026-09-07,14:49:05,14:45-14:50,55,mid-trigger (v2),Down,0.9600,5.15,4.94,WON,-,0.2060,-34.9621,0.9600,0.9700,0.0100,-
182,2026-09-07,14:53:39,14:50-14:55,81,mid-trigger (v2),Up,0.9600,5.21,5.00,WON,-,0.2084,-34.7537,0.9500,0.9600,0.0100,-
183,2026-09-07,14:58:49,14:55-15:00,71,mid-trigger (v2),Down,0.9800,5.09,4.99,WON,-,0.1018,-34.6519,0.9700,0.9800,0.0100,-
184,2026-09-07,15:03:38,15:00-15:05,82,mid-trigger (v2),Up,0.9600,5.21,5.00,STOPPED OUT,0.2700,-3.5949,-38.2468,0.9500,0.9600,0.0100,False
185,2026-09-07,15:14:30,15:10-15:15,30,mid-trigger (v2),Up,0.9900,5.05,5.00,WON,-,0.0505,-38.1963,0.9800,0.9900,0.0100,-
186,2026-09-07,15:19:24,15:15-15:20,36,mid-trigger (v2),Down,0.9700,5.15,5.00,WON,-,0.1545,-38.0418,0.9600,0.9700,0.0100,-
187,2026-09-07,15:23:40,15:20-15:25,80,mid-trigger (v2),Down,0.9600,5.15,4.94,WON,-,0.2060,-37.8358,0.9600,0.9700,0.0100,-
188,2026-09-07,15:29:45,15:25-15:30,15,mid-trigger (v2),Down,0.9900,5.05,5.00,WON,-,0.0505,-37.7853,0.9800,0.9900,0.0100,-
189,2026-09-07,15:33:49,15:30-15:35,71,mid-trigger (v2),Down,0.9800,5.10,5.00,WON,-,0.1020,-37.6833,0.9700,0.9800,0.0100,-
190,2026-09-07,15:39:43,15:35-15:40,17,mid-trigger (v2),Up,0.9700,5.15,5.00,WON,-,0.1545,-37.5288,0.9600,0.9700,0.0100,-
191,2026-09-07,15:49:05,15:45-15:50,55,mid-trigger (v2),Up,0.9800,5.09,4.99,WON,-,0.1018,-37.4270,0.9700,0.9800,0.0100,-
192,2026-09-07,15:58:38,15:55-16:00,82,mid-trigger (v2),Down,0.9800,5.09,4.99,WON,-,0.1018,-37.3252,0.9700,0.9800,0.0100,-
193,2026-09-07,16:03:36,16:00-16:05,84,mid-trigger (v2),Down,0.9900,5.05,5.00,WON,-,0.0505,-37.2747,0.9800,0.9900,0.0100,-
194,2026-09-07,16:08:37,16:05-16:10,83,mid-trigger (v2),Down,0.9800,5.09,4.99,WON,-,0.1018,-37.1729,0.9700,0.9800,0.0100,-
195,2026-09-07,16:18:38,16:15-16:20,82,mid-trigger (v2),Down,0.9700,5.15,5.00,STOPPED OUT,0.5700,-2.0600,-39.2329,0.9600,0.9700,0.0100,False
196,2026-09-07,16:24:34,16:20-16:25,26,mid-trigger (v2),Up,0.9900,5.05,5.00,WON,-,0.0505,-39.1824,0.9800,0.9900,0.0100,-
197,2026-09-07,16:28:45,16:25-16:30,75,mid-trigger (v2),Down,0.9800,5.09,4.99,WON,-,0.1018,-39.0806,0.9700,0.9800,0.0100,-
198,2026-09-07,16:38:43,16:35-16:40,77,mid-trigger (v2),Down,0.9900,5.05,5.00,WON,-,0.0505,-39.0301,0.9800,0.9900,0.0100,-
199,2026-09-07,16:44:13,16:40-16:45,47,mid-trigger (v2),Down,0.9900,5.05,5.00,STOPPED OUT,0.5700,-2.1210,-41.1511,0.9800,0.9900,0.0100,True
200,2026-09-07,16:48:37,16:45-16:50,83,mid-trigger (v2),Up,0.9900,5.05,5.00,WON,-,0.0505,-41.1006,0.9800,0.9900,0.0100,-
