window_end,side,ask_price,size,cost_usd,requested_price,requested_size,held_for_s,order_id,tx_hashes,resolved_won,trade_time
1788685800,Up,0.98,5.1,4.998,0.98,5.1,5.5,0x86c646b3e1ae02be8c1570f96b3a7ca3e0361e9aeee24e1e1e1ec9937d9e5616,['0x06cc7ba9714b80f1a29bca09aa6ccade2eb23b8416a526ffacfa71fb94bb392d'],True,2026-09-06 10:12:51
1788686100,Up,0.92,5.38,4.9496,0.93,5.38,5.4,0xd3d385c66ae7fb29afcc3f38eef14c08c4d14d479d99736b5375e496e5c2b77f,['0x276f6d05adb49d67f100b771505d7ebfb5a76f2a1bcbbc8f063f6bbd3e2216ca'],True,2026-09-06 10:17:15
1788686400,Up,0.96,5.21,5.0016,0.96,5.21,6.6,0x0d33c03ce062df02f9fae45b6a40fd2e44005425800f55954d47f0d5fe920556,['0xde88ae57b701ee61d99c9334853888046eab9a3837d2ecb4bdc867d0b05fbbf0'],True,2026-09-06 10:23:20
1788686700,Up,0.95,5.26,4.997,0.95,5.26,5.0,0x61eeea6b4c5357c87026ba066d1b5b482f1b835ddece0689f33259851e4acdb4,['0x81af718d3cb73399c5745a973dee3e6dec7bc34e4fa7bebb633bdf7429af53e5'],True,2026-09-06 10:28:26
1788687300,Down,0.92,8.7,8.004,0.92,8.7,5.4,0x4be43c6121b7f33f166d8ed44ee4b673f77e2a7767443031c925576521e3fceb,['0xae6b795c356931574568dc232bdb6591063c4d2427925500c6164653b5181657'],True,2026-09-06 10:36:17
1788687600,Down,0.9,8.89,8.001,0.9,8.89,6.5,0xba945cb88cf77a0ec728c36892459bed21d569ae4e79a27f740678e94e37cea8,['0x76c5559dffad74365743e6c5f08a69b55ca413754e96adb6a37ad54f58d17fef'],True,2026-09-06 10:42:20
1788687900,Down,0.99,8.08,7.9992,0.99,8.08,5.8,0xe9c76b5e4179cf15da8a6b605c76d84f8275b983429413b2ae6c55474fb6378d,['0x3e0226297ed4dc1df5ab27c4bd792020bdb16c1853d6bfbbb0afb43a31c11832'],True,2026-09-06 10:49:38
1788688200,Up,0.87,8.6,7.482,0.93,8.6,6.1,0xd2a0e8d194c20afde780e4761855cf0fd169a663cad8c3d33fa42b760d2516cc,['0xe50ad13e70acdb8981b6a7efb441473f5cb5d74aefa34edad9c390408945f939'],True,2026-09-06 10:53:48
1788688500,Up,0.97,8.25,8.0025,,,5.2,0x3ccb2a2f4552f8524d401910fe112f7c3725bd2a4dfd0dd1c80d4e16c8dc953d,,True,2026-09-06 10:59:10
1788688800,Up,0.92,8.7,8.004,,,6.6,0x53a743057b56d9c99c7956e668e43ac5934af96e4d7206b66c307e85ac099413,['0x746cdbc7faa2e1e05cde01af2122a92008d04d5841cdc3242f8060767adfae38'],True,2026-09-06 11:02:22
1788689100,Up,0.97,8.25,8.0025,0.97,8.25,5.2,0xd4a3f159221bf0cdb6720172064aed2f072524d22303e8f7897abae4cb2a7b9c,,True,2026-09-06 11:09:30
1788689400,Up,0.99,8.08,7.9992,0.99,8.08,5.0,0x17250534284745f8da069e330d79a08b45e85c129a3eab25c306f6509fdbdad1,['0x83c4cc9b55aabc86d615ccd12b25af5d48cf8c36acb160b57716326fd6c23936'],True,2026-09-06 11:14:46
1788689700,Up,0.9,8.89,8.001,0.9,8.89,6.0,0xd1ed9a8b779d8c9eca7ab74594789d3892e6525d7c8b8e08f0f5501c363e756f,['0xdc5cea4296c30f60feb7f185d75b6a42b9ee77ceb97804c749c34afe14005c87'],True,2026-09-06 11:17:55
1788690000,Up,0.97,8.25,8.0025,0.97,8.25,5.2,0x0979acf31bf3dd651caa6931d8da814dd8e0812822233dae86f4fa7470261954,,True,2026-09-06 11:25:01
1788690300,Up,0.94,8.51,7.9994,0.94,8.51,6.1,0x38172a8de6d09b61ce0c8553e0e4d924f9888de32b8addd3f05d7a6011fe9b72,['0xa8e1ff81cdfbbc1c4ec7555e9961205e26899844d4de63b9986cc3dfaf872dd4'],True,2026-09-06 11:29:10
1788690600,Up,0.99,8.08,7.9992,0.99,8.08,6.8,0x6e895c329064babd5ec6149c643e0a1c9ee0adbf536acc9fb4cd441e2b2ea909,['0x4413f1f2c38c8257b6cd26718481a94e16879fa051fe107313f57b7303fc1475'],True,2026-09-06 11:34:25
1788690900,Down,0.93,8.6,7.998,0.93,8.6,6.1,0xa7d3c45122035b7ab514bdf7695152f4a2c5aa8181152457975695f985fe9b7a,['0x67aea3f2ee0a139aa5cdabaf5c0ece769065ba789cc94718dd7b5b6fab6a247b'],True,2026-09-06 11:38:18
1788691200,Up,0.9,8.89,8.001,0.9,8.89,5.1,0xec08569402d8c9c8699c7db38477eef53bac706a2a6013ba1440b6444eaa1a27,['0x098f6751a1fb92989ba0cb16a8fb56711db7a7a9872729c9d1b825a79b8af534'],True,2026-09-06 11:41:30
1788691500,Down,0.93,8.6,7.998,0.93,8.6,5.0,0xde4a675490f1fc8d3f2879487e076aa1901c05b580c0b92cec1bc20ee9e04386,['0x4ce6a3a0db6eb747eb142aced72c1617577a03b26cc785f4abc152f224e6aecb'],True,2026-09-06 11:47:29
1788691800,Up,0.96,8.33,7.9968,0.96,8.33,5.3,0x530d38e26448adbda5084691a50b1db94b4903822b262035c92658b4a505c8cd,,True,2026-09-06 11:53:51
1788692100,Up,0.95,8.42,7.999,0.95,8.42,5.5,0x937be2336f72198c88f50c4e0de48514ee11c540dafcd3b66c7ab9b2970d7b81,['0xd72ef0d894656dc44df2ce0c2e27ce59bbf884c3ab380bab233dc1fdc618ab18'],True,2026-09-06 11:58:22
1788692400,Down,0.9,8.89,8.001,0.9,8.89,6.6,0x941edab593e107f43f92108a386c5bc50f43b02883a20b6ca8dfc404443e4570,['0xcc8935cab43d1ddcef890e814d00ff289087df194d68388fcc8e96147dfc1488'],True,2026-09-06 12:01:37
1788692700,Down,0.93,8.6,7.998,0.93,8.6,6.0,0x7eca5fec450d8056f57df149561b43383370b65df6c60f42249e14646e906aab,['0xc045a898ddbc1591656c56157d5e77cf0ef9f38aeabbbb71f80f466b2c807673'],True,2026-09-06 12:07:48
1788693000,Down,0.9,8.89,8.001,0.9,8.89,5.8,0xe6e4c5a274cb64f6accf5a47d3dad9a6245dab2c1ca18e09950f649cb57f4c0f,,False,2026-09-06 12:12:58
1788693300,Down,0.95,8.42,7.999,0.95,8.42,6.6,0xfab8295297f4d59a579460906f2305d04dd8160ccd52a1600728342b38972137,['0x517023d4384b3af8b6e0b18a4a7e311f894f6c0adcfc4864d386cf88d5a24f22'],True,2026-09-06 12:19:07
1788693600,Down,0.9,8.89,8.001,0.9,8.89,6.3,0xeb5cb97e3c0caab0c28b5d939b06d6c7c67200e80957997246d3316e68e496b8,['0x8f0dd1ce6ce0de5d106d7d58deeff2ada9e077f1e6bfd43d40f883c408959804'],True,2026-09-06 12:22:18
1788693900,Down,0.9,8.89,8.001,0.9,8.89,6.2,0x6b2b8e82782b5f80b77476a3f667bef3a4e5f2bb000cccca6043acef01b87da5,['0x5db5bd2227faf2018c0ffb26142f798dc44f1fbbb63bef07adc3fc9bb18648fa'],False,2026-09-06 12:26:04
1788694200,Up,0.97,8.16,7.9152,0.98,8.16,6.5,0xc224cf463991427271ab6e5f190d3692ba9a424ef1a5a8d7f821d13ca140baff,['0x4d71f1f6a31fe9a8b297fe3b9629dc7c2c1270f41367fec823a48bb52df51d1b'],True,2026-09-06 12:34:15
1788694500,Down,0.91,8.78,7.9898,0.91,8.79,7.4,0x5c9efc3ddc4e6fc091a0fbf713009faec5dccc8b6a6ee08cfdbd36422ea5a3a1,['0x9991e90bf8575bdd85f431b7583101e86cb517bad953d7daa0442c71a752272f'],True,2026-09-06 12:37:26
1788694800,Up,0.98,8.16,7.9968,0.98,8.16,5.8,0xe5493c56ecba5e6f55257b8ee88f5330523054971a52b657cf01258fd6812e35,,True,2026-09-06 12:43:37
1788695100,Up,0.7802,8.33,6.4988,0.96,8.33,5.5,0xaf724a01661d7baddb7441c70a4544c3fc0a7ca3e92b5303ba8940b5af97fc49,['0x3d933ee8fad10e8d0e2b65aa55036c849e206fff0050b128e935a934c0873c10'],True,2026-09-06 12:49:07
1788695400,Down,0.91,8.78,7.9898,0.91,8.79,6.1,0x0c490f64e425b9ef444c44f09e2febdf9bda2426f62a974653a98aa31cf8ec68,['0xc672ec9cc028a24fc17f7e2500a092e9db56c0375a1ffe918436ad0abbbcec30'],True,2026-09-06 12:52:31
1788695700,Down,0.88,8.89,7.8232,0.9,8.89,5.8,0xfded4f1f5662dc19e945ff4572fedfa22452750a4d875e37c7a7a4e6bff07f18,['0xfc47742d3217549fb7c35c653a7cec7ee1cfe168dedba083fc0f8d9c1b7d0baf'],True,2026-09-06 12:58:53
1788696000,Up,0.91,8.79,7.9989,0.91,8.79,5.5,0x4a1c9b190475bcd27151b3bb197988440e5c3bfb6fd5d0d4874a8e5b936992eb,,True,2026-09-06 13:04:32
1788696300,Down,0.92,8.7,8.004,0.92,8.7,5.7,0x184f7c2750b9ae583e6267dec861d1644ba2eb84526f7f3857c41c6cef340aeb,,True,2026-09-06 13:07:24
1788696600,Down,0.92,8.7,8.004,0.92,8.7,6.0,0xa9836ba5201d97203c02db37972634c1d135ab328b709c749840e52a16301600,,False,2026-09-06 13:11:17
1788696900,Up,0.91,8.79,7.9989,0.91,8.79,5.1,0xf0a449d890841320d5b74378b740f89041a0bed4f464cc22189c9fd78d87734a,,True,2026-09-06 13:15:33
1788697200,Up,0.92,8.6,7.912,0.93,8.6,6.0,0xdbecea8d4111c265961e86423e46b49634e47f4335344d4d266c5fdb9fa0f072,['0x64719739ce7d4cdf0d2b8e39867a77cf9c399585822fe2e4b396e91ca957b651'],True,2026-09-06 13:22:57
1788697500,Down,0.95,8.42,7.999,0.95,8.42,5.0,0x26ca778346b376d98b934ca7a86733793b69ecc3e6ead5767ce4c37958c6ac34,['0x9cc254f5e80cdaab7d7a865380f8f06236a61b86cd0735e594f0108721b81bfd'],True,2026-09-06 13:29:02
1788697800,Up,0.97,8.25,8.0025,0.97,8.25,5.1,0x515ba0104155fac59005bc307119b475e4992d3e6eec3e687a5cc51e9db98df0,,True,2026-09-06 13:34:19
1788698100,Down,0.88,8.89,7.8232,0.9,8.89,5.0,0x1ae6bfa5af8a06e96ff2c32c748b940ddccea56f3b9ad5c14ff2820737317efa,['0xea3c5e430cf1f017462af2bb853b74c2d9a0292b15e1009d6d8f6d0c0dc2969b'],True,2026-09-06 13:37:49
1788698400,Down,0.94,8.51,7.9994,0.94,8.51,6.2,0xc3ce4dd4214c739b9a361a30fd3d2d2a00dfc94959540ebcfecd05c7953d259c,['0xf9465ce1590b5ad78fccf0a843497022b26fc25226c6a368be945c95a1963d26'],True,2026-09-06 13:42:43
1788698700,Down,0.98,8.16,7.9968,0.98,8.16,5.7,0x0225cc6b1faeae36ef3b03339dec999c22185a19789ece7a660eeff05c8cd357,,True,2026-09-06 13:49:18
1788699000,Up,0.92,8.6,7.912,0.93,8.6,6.1,0xb5ba40d68834431a758aa186d2e43a55e97a4942e3f6b1bf1375916ffffa6dc3,['0xa0a69deb3a2fa57f9e91eb1560acc9945f84666e1eac5e56dfef6d88d6d6bd1c'],True,2026-09-06 13:52:14
1788699300,Down,0.91,8.78,7.9898,0.91,8.79,5.9,0x6b04a44e17b5d50691a93f39b1edf69f515dcf5313d9d40d7aaa9444e1fc33ae,['0xc4c4645148deff4a9b6dea06170f96e76376246da9929d567c4866c5a3bb9492'],True,2026-09-06 13:57:17
1788699600,Down,0.93,8.6,7.998,0.93,8.6,6.0,0xe48f05a704a1eb2c7aca9f7ad0e9c170927850fd2d55f3fc7ead44aa7009a22d,['0xc8d4b153e34e9c821c124912b147d62014eedbd0f6afc657b37c4b59d85c6cb7'],False,2026-09-06 14:02:04
1788699900,Up,0.95,8.42,7.999,0.95,8.42,6.7,0x8665903123df7b9d48cad16722a7a6296aaafcf0e84f53d77bc851c9fecfb19e,['0x80b0730e7355a4397cf626dd85d7c34da019d1e35499322f53424a84319ffc25'],True,2026-09-06 14:08:37
1788700200,Down,0.95,8.33,7.9135,0.96,8.33,6.0,0x95b35b71b027bed8fc06440fbe691459adccbf3ec3bd1e0bc0f977d89b5bfd94,['0x5325452cf76cda9b76068a0e2d9212fd2db8a90246836e16c30bc8c94af161e5'],True,2026-09-06 14:12:17
1788700500,Down,0.95,8.42,7.999,0.95,8.42,6.0,0x3591483cd4c10ccc535cc21fca3c170d1f47d1ed58c9be8671129223b214cd40,['0x0b72723428571c2c72ff9f5701caefa3e861815097ba13c97730f86935a59bde'],True,2026-09-06 14:17:46
1788700800,Down,0.98,8.16,7.9968,0.98,8.16,6.8,0x594d8cb6858436c45775db2be505e7db5fc290cb80a144056add548c26b92307,,True,2026-09-06 14:24:25
1788701100,Down,0.96,8.33,7.9968,0.96,8.33,5.3,0xf04931795f3bc731dae331027d4b230f2e498871cd71fb58cbc0f64f58ad2c0a,['0xd03c56100477920aea3d9633a41e20f7d382ccce961abb0de5e1d40d19e64697'],True,2026-09-06 14:28:46
1788701400,Down,0.99,8.08,7.9992,0.99,8.08,6.5,0x1e445977ddbb5f4fa3d00a5dd7b531dfd507c5aa1def68f7b938149171821a40,['0x4917eb7c7936dad985c9fdb659deab60c947421464de919d19f3cb090e2ab377'],True,2026-09-06 14:34:09
1788701700,Up,0.94,8.51,7.9994,0.94,8.51,6.0,0xc650e12683a3c5814094ac80b18360a2bd8e30e1ef66f9768bb1c9dd2b64360d,['0xbd21437f12d7195ba3c6c72577efb8bb50af4a7b2eba2216ad013e30f52dec8b'],True,2026-09-06 14:37:03
1788702000,Down,0.96,8.33,7.9968,0.96,8.33,5.9,0x705f3b33f13fa912aed4ea83c6f2dd70a6db08130ec6212c1c5d027d94be3b54,,True,2026-09-06 14:43:38
1788702300,Up,0.97,8.25,8.0025,0.97,8.25,5.8,0xe9f99dbc843cf07af03b0e34e5fd268d8e2e0f5c39f7f70e8c5b51e08a65d6e7,['0x259d616c16598069358a19d3479fd6c73a51447a9782f2b4ec4f615f8c455da0'],True,2026-09-06 14:48:05
1788702600,Down,0.95,8.42,7.999,0.95,8.42,5.4,0x7a873595d5d7dd787e88c0fa58b3e450726edade6c10cae44f4a2de5da483330,['0x5b27cfaa2d68fd0dcdc86fb59fd2c7e8b1dc2bb04c51ed38cb8b84f64fc625e8'],True,2026-09-06 14:53:44
1788702900,Up,0.95,8.42,7.999,0.95,8.42,6.3,0x67d0764abfa9fa706a69f79ce776fb527ad4dc9bc27830c1e488437768fe33bd,['0x8497ce9a9b900209b73676e6aaaad6a40e0629486716fee2ba4fce47022ba4f6'],False,2026-09-06 14:57:44
1788703200,Up,0.97,8.25,8.0025,0.97,8.25,6.6,0x27a8a5bd90ef634c17fb6092d539ba01e74cdc76182f861105b294c68eff83f7,,True,2026-09-06 15:04:07
1788703500,Down,0.94,8.51,7.9994,0.94,8.51,6.0,0x10ff0f57062fa872ce81b28120b57f71bf87ed4a9091871bb1694650b2df9556,['0x50a60798c25693923ae5f5710c6613fa908f3de79c25dc7a4e2a99a600c4b38c'],True,2026-09-06 15:07:24
1788703800,Down,0.94,8.51,7.9994,0.94,8.51,6.2,0x37e46b4384b0148aa6dbf3f24f6d101169b955fe01773795055af53d390d1118,,True,2026-09-06 15:13:31
1788704100,Down,0.93,8.42,7.8306,0.95,8.42,6.1,0x72518da9eae233d422d1e787bfb5baff3b2f250081c346ff5526361c47ceb628,['0x8f2019b96d0f2819f9576d5130f747aff74d89e6d7e689616cfe1bfecaed570b'],False,2026-09-06 15:17:10
1788704400,Down,0.95,8.42,7.999,0.95,8.42,6.3,0xf6a443cf063f7a40915c59450959dc3037052d5b49e26a00ba3d58d121ea4bc4,['0x8551629a51ade6a49c89b4a3a86e8bbd98ed43ad2904c4d9dcf566e824998c04'],True,2026-09-06 15:20:57
1788704700,Up,0.96,8.33,7.9968,0.96,8.33,6.8,0x65ec46b115fc3538ebec4c2f5fb830528d9851278fb9cc426ac6149962fc2dcb,,True,2026-09-06 15:28:35
1788705000,Down,0.94,8.42,7.9148,0.95,8.42,6.3,0x444137402836c4b47167ccf87787d770aaf6591f184db282500da9206afe6a98,['0xb1dbffaeee2616abaadbc5f489f0118e224f964d730c13ab3b82376194a2631b'],True,2026-09-06 15:31:37
1788705300,Up,0.95,8.42,7.999,0.95,8.42,6.1,0x6728caf49fcce763ee952201303b7ad837ab00220a9cb2ea1a74068e03c75fcd,['0xb52c5445ccdace0955963b8ac9604c97bfa4165cbec18fc715f8c426241b3e0b'],True,2026-09-06 15:37:23
1788705600,Up,0.95,8.42,7.999,0.95,8.42,5.9,0x1a2a916cac50d0c8c7ab842c52c837132dfad2e316c6e21ba7186643a019afec,['0x56e50cbd927246a256eaef6f1c090a7969ffcc6615c163c52ab051fd5a02f7ca'],True,2026-09-06 15:43:21
1788705900,Down,0.95,8.42,7.999,0.95,8.42,6.2,0xd8185039b41dad8781ae37f128f118b532d194191ba567c737f5bc2e403afd55,['0x5069ad07f5ba49e825b319a3d3f24f4d26ede35f6b04106d39359dd1d0c160e3'],True,2026-09-06 15:47:02
1788706200,Up,0.96,8.33,7.9968,0.96,8.33,5.9,0x9e75f8a2ef94cf3bac6bdb660ae6376bd2fca1e56d9db65ad2afd44382553aa1,['0xcdfeb94dd41b5a8bed33747e6a24cf59aaf2d575f7e986dfe5c6c597f783f6ef'],True,2026-09-06 15:53:04
1788706500,Down,0.95,8.42,7.999,0.95,8.42,6.0,0x4545d86ffa8f26f2aad861715873fd4a6ac9b40773edf0c5e961a09fe8b923e0,['0x6200ae06191da3c16d2916e656ad0dc7cbfc05b8446f8e83320aff4349cbd5b6'],True,2026-09-06 15:57:22
1788706800,Down,0.94,8.51,7.9994,0.94,8.51,6.0,0x1129c2f259cfe92208af26ba6eb897bc58b742af6c64558a899c930f54210dd0,['0xd6d426ecd285584d5366f412c802e2e9776055f85090f9ec8137575cb09a0ef2'],True,2026-09-06 16:01:29
1788707100,Up,0.94,8.51,7.9994,0.94,8.51,6.4,0x2d187f9bde9ef8daf97baf8be0f808cafe44117b60d7b981085e2a6d1c99f840,,True,2026-09-06 16:08:17
1788707700,Up,0.97,8.25,8.0025,0.97,8.25,5.2,0xf6ae2b19d50f3281ca7a16957e0119c8c8edfa2b0c1a1f3725c3ffd5ed69fa3c,['0x4cea3886ce3637493b57977dd7dda3653d49a01d1cfcd9ee345a4ec4e26fc725'],True,2026-09-06 16:16:54
1788708000,Up,0.95,8.42,7.999,0.95,8.42,6.0,0x42cd7f6dd5c3fe04826e0e3a4230cf19d4421ccef8085afc71174c7b3d6576b4,['0xf8b9404004ac5b7e673467c8993056b067021d1f6d7b27b96f4151c30104c2f0'],True,2026-09-06 16:22:24
1788708300,Down,0.97,8.25,8.0025,0.97,8.25,5.1,0xc30d69d40597c99bae6cc9c833fa203b18c6ae64c02f901d63e2e8427f53c94e,['0xbd7a47baae3d48a7ee09c77e74d5dea6cd292efe69dba1be906d2f6b43d3209b'],True,2026-09-06 16:29:00
1788708600,Down,0.98,8.16,7.9968,0.98,8.16,5.5,0x479cd41cbe7c800eac6cdbeb21cf40f378212a52d73a18a595144e8260e6fa0c,['0x5a42b6e1c4bd77fdcbc18dc410cdcbba99aa8d6dbecf182aca1229d46014a7b1'],False,2026-09-06 16:33:48
